,words,bow
0,search,50
1,mát,2488
2,chụp,1820
3,gốm,8
4,cat,4
5,tộc,14
6,nấu,660
7,nữa,9002
8,ruô,2
9,lote,8
10,xắp,2
11,rẻ,4648
12,coktail,2
13,zư,2
14,sex,6
15,chaicafe,2
16,biê,44
17,caramen,12
18,ga,372
19,lun,236
20,sushi,136
21,takeaway,4
22,hanoi,26
23,tiễn,20
24,everbody,4
25,heheanh,2
26,taiyaki,2
27,thâ,76
28,tiện,424
29,gia,802
30,loạt,20
31,xui,18
32,giường,46
33,hì,2
34,away,4
35,cover,8
36,hạng,10
37,nhưng,16044
38,thick,8
39,xẹt,2
40,bf,26
41,creamy,2
42,trâm,10
43,rasbery,2
44,chef,2
45,spices,2
46,mã,32
47,khỉ,14
48,nhiềunhạc,2
49,tứ,34
50,use,6
51,kia,484
52,gõ,30
53,tom,16
54,dò,2
55,gói,314
56,koreahouse,2
57,mẹt,4
58,mango,10
59,hiên,34
60,pleased,2
61,sanma,2
62,ngờ,168
63,diều,2
64,resort,22
65,tế,148
66,real,8
67,nhai,190
68,vây,18
69,angus,2
70,mày,2
71,takumi,2
72,tum,4
73,oscar,2
74,thục,4
75,coworking,2
76,ngậy,66
77,bepub,2
78,baly,2
79,season,4
80,area,14
81,gạt,6
82,hối,22
83,pres,2
84,chat,22
85,giấu,8
86,cachlamkem,2
87,marine,4
88,kẽm,2
89,xmình,2
90,oy,6
91,drawings,2
92,ngôid,2
93,lõ,2
94,lâu,2250
95,paela,2
96,gừng,126
97,lắc,14
98,architecture,2
99,zero,2
100,lọ,90
101,mại,8
102,tị,2
103,mexico,42
104,sắm,2
105,nd,8
106,chạy,1048
107,our,20
108,iêm,2
109,thought,4
110,tour,74
111,bẩn,46
112,thuica,2
113,nhiệt,84
114,prosperity,2
115,mụn,4
116,phan,66
117,lê,160
118,working,2
119,xưng,2
120,rột,6
121,live,74
122,toand,2
123,hoa,782
124,natural,10
125,der,4
126,cử,6
127,phu,492
128,ne,48
129,lạng,32
130,pastatomsotkemdutlo,2
131,bơ,814
132,must,10
133,shisha,4
134,chàng,12
135,mắng,2
136,giết,12
137,ngập,126
138,giỡn,2
139,xoay,68
140,bướm,12
141,don,22
142,canada,10
143,hangover,2
144,rôiz,2
145,mai,204
146,biến,26
147,peperonis,4
148,country,12
149,tít,2
150,trán,8
151,bặmthích,2
152,thua,76
153,source,2
154,money,6
155,thoai,2
156,ag,4
157,ipad,2
158,thiệt,30
159,ly,3316
160,thanhoa,2
161,insta,2
162,mhưng,2
163,hòa,66
164,gum,2
165,barpub,2
166,hu,60
167,hanging,2
168,kingdom,6
169,cause,2
170,fel,2
171,vietnam,50
172,true,4
173,lơn,2
174,close,2
175,design,56
176,ad,32
177,fusion,4
178,dẹp,44
179,tips,2
180,tươimón,2
181,hư,64
182,phạm,24
183,lập,8
184,you,148
185,khoe,38
186,itineraries,2
187,nhì,4
188,uốg,4
189,aniversary,2
190,nhahangtiecuoi,2
191,thú,64
192,mint,56
193,salmon,14
194,trưng,80
195,sôcla,2
196,thre,2
197,nuoc,58
198,mươi,2
199,titi,2
200,hair,6
201,liêu,4
202,thược,2
203,khongbankhonghe,2
204,created,2
205,vé,500
206,sĩ,10
207,hàg,2
208,cảm,50
209,colinh,2
210,kon,4
211,bỉ,22
212,walnut,2
213,light,4
214,cấm,24
215,tuan,2
216,rươi,2
217,jolibe,4
218,benedict,2
219,phì,8
220,bắn,46
221,barel,2
222,pork,2
223,remained,4
224,final,2
225,chese,106
226,quảng,152
227,mĩ,10
228,musy,2
229,yu,2
230,hiem,2
231,tấm,238
232,also,50
233,hoă,4
234,wa,126
235,op,8
236,móc,18
237,marketing,4
238,thiệu,18
239,khắc,14
240,sán,4
241,sera,2
242,give,6
243,lĩnh,2
244,ep,36
245,khao,6
246,dạ,56
247,rót,88
248,sôcôla,2
249,nộm,8
250,quê,170
251,hutieuchaycayde,2
252,zé,2
253,cuznv,2
254,phuong,2
255,xủi,2
256,clunb,2
257,dừng,130
258,them,32
259,thải,4
260,experience,2
261,tôm,1334
262,set,708
263,artist,4
264,bel,2
265,general,2
266,vứt,20
267,hiê,6
268,lặn,42
269,viễn,2
270,studios,2
271,khiếp,2
272,todai,2
273,hùm,2
274,nhấtvà,2
275,lầy,2
276,sd,12
277,shrim,2
278,miết,2
279,tục,6
280,images,2
281,flash,2
282,ram,52
283,tung,10
284,kiểu,1866
285,lãi,4
286,ur,2
287,kể,224
288,suoncay,2
289,nha,2874
290,district,8
291,dk,12
292,super,38
293,tiết,54
294,bike,2
295,guitar,48
296,eversince,4
297,ocean,24
298,lễ,268
299,diu,4
300,thấu,26
301,dăm,6
302,qui,14
303,nthich,2
304,wants,2
305,kemnisaka,2
306,xấu,40
307,fa,40
308,nhện,2
309,thêm,5760
310,tih,2
311,monster,26
312,dự,70
313,xịn,18
314,trc,22
315,cuả,4
316,english,18
317,nưa,12
318,nền,72
319,thôi,3730
320,thỏ,22
321,dại,12
322,nhu,44
323,qài,4
324,um,6
325,pvụ,2
326,tuyetvoi,2
327,mochi,20
328,fact,2
329,china,6
330,nhadự,2
331,bành,8
332,deserts,2
333,mễ,8
334,puping,2
335,dâ,36
336,luon,8
337,nhem,2
338,value,2
339,tư,484
340,grean,2
341,fi,8
342,dthuong,4
343,hd,2
344,rose,16
345,khô,1034
346,didnt,2
347,ruốc,8
348,ru,44
349,pink,8
350,phong,142
351,kanikama,2
352,yumy,10
353,nhỏ,4394
354,gỡ,14
355,hihicác,2
356,rối,32
357,socola,76
358,bulogi,2
359,lemon,12
360,ful,6
361,lạ,1866
362,starbucks,8
363,mụ,2
364,tháo,8
365,pop,12
366,trọn,36
367,pmai,2
368,tránh,148
369,bốn,36
370,trung,226
371,rio,6
372,mới,6910
373,profile,2
374,san,20
375,phóng,36
376,chair,2
377,map,12
378,thăng,2
379,lầu,834
380,chile,6
381,rồià,2
382,chừng,138
383,kgà,2
384,ngăn,36
385,vip,2
386,mỗi,2680
387,mấy,5620
388,kfc,10
389,cinebox,2
390,bố,18
391,góp,14
392,kẹo,170
393,xéo,4
394,ibokstop,2
395,large,8
396,dị,20
397,bers,2
398,led,2
399,copmark,2
400,hah,2
401,nuonglui,2
402,toi,56
403,pate,24
404,cập,28
405,lỡ,116
406,machiato,12
407,mytv,2
408,hị,10
409,kê,158
410,lover,6
411,rock,26
412,tks,2
413,mùi,2140
414,trùng,14
415,nồng,20
416,want,4
417,du,168
418,nhịn,22
419,nigiri,4
420,lie,2
421,muôn,14
422,muội,44
423,plate,2
424,luốn,2
425,chợ,268
426,bestintown,2
427,sl,2
428,pato,2
429,thèm,1240
430,hươu,2
431,culture,4
432,cũm,4
433,mật,22
434,yến,4
435,búa,2
436,lệ,28
437,mocha,12
438,tho,30
439,hiềnko,2
440,thach,2
441,thúch,2
442,hayđồ,2
443,nguyễn,104
444,phô,4
445,lion,2
446,gă,14
447,nhận,426
448,chuâ,4
449,nghịp,2
450,serves,2
451,sv,26
452,tataki,2
453,wakame,4
454,cánh,72
455,gián,16
456,vat,4
457,campuchia,6
458,jkhi,2
459,sổ,4
460,hỷ,4
461,hoài,524
462,aces,2
463,quâ,20
464,trượt,40
465,nhá,10
466,quạt,106
467,handmade,8
468,today,18
469,pros,2
470,omega,16
471,nhóe,2
472,hoắc,2
473,kmai,2
474,line,38
475,nghệ,62
476,thấynước,2
477,clip,2
478,quẩy,16
479,tê,96
480,kanten,2
481,cờ,48
482,hôn,16
483,hớt,2
484,vàng,350
485,bth,2
486,mayonaise,2
487,lunươ,2
488,phãi,2
489,coe,2
490,sua,6
491,xôi,718
492,trơn,88
493,road,4
494,bolognese,2
495,sugest,6
496,cach,2
497,hãm,6
498,kề,14
499,thề,24
500,ngonmình,2
501,chuông,98
502,hă,6
503,studio,22
504,rẻhambuger,2
505,qué,2
506,experinces,2
507,phá,152
508,soya,8
509,cho,11028
510,tia,12
511,ang,1642
512,chà,298
513,vghe,2
514,hẹ,4
515,shoping,2
516,rai,6
517,gầu,4
518,thươ,12
519,chọn,1774
520,maps,4
521,cơm,3144
522,nhậtnằm,2
523,bank,4
524,văn,86
525,că,8
526,hđó,2
527,qua,4720
528,nữathêm,2
529,education,4
530,have,124
531,giàn,12
532,cá,1900
533,ned,4
534,dồ,2
535,os,4
536,bingsu,26
537,camp,2
538,tội,76
539,korea,6
540,comgangon,2
541,gogi,14
542,bồng,4
543,cury,4
544,dáng,12
545,nghé,2
546,ay,2
547,wafle,4
548,pasio,2
549,tiế,2
550,thọ,8
551,phán,2
552,bistro,2
553,action,2
554,salads,2
555,tả,136
556,sangqua,2
557,yay,4
558,tron,4
559,bún,1180
560,giản,4
561,got,10
562,tái,126
563,tă,10
564,mít,130
565,luộc,188
566,vể,2
567,dela,2
568,nảy,10
569,xe,3524
570,sequaylai,2
571,luônbắp,2
572,wasabi,6
573,trang,316
574,up,252
575,keo,14
576,auto,4
577,kím,6
578,khẩu,4
579,sót,10
580,biệt,142
581,vz,2
582,nắm,80
583,caesar,8
584,divola,2
585,gion,8
586,sấu,2
587,clean,2
588,hà,196
589,lamb,2
590,thất,12
591,fresh,16
592,crab,2
593,lơ,32
594,biên,26
595,dzo,4
596,europe,2
597,bèn,6
598,luôngì,2
599,chi,2097
600,bery,8
601,yingyang,2
602,fai,10
603,end,28
604,date,4
605,vư,76
606,khoảng,1052
607,bakery,18
608,mac,10
609,low,4
610,nvt,4
611,salami,2
612,chán,286
613,gato,6
614,tươg,2
615,al,112
616,burata,6
617,nghen,12
618,hotline,2
619,ngặt,2
620,xen,10
621,cước,2
622,nét,172
623,tomyum,20
624,cứ,1804
625,dat,8
626,hv,2
627,nui,16
628,rau,1540
629,nỏ,2
630,poca,2
631,nquán,2
632,mn,6
633,vnđ,2
634,trùm,20
635,dịu,206
636,bệnh,30
637,mị,2
638,tren,8
639,nghiệp,10
640,sgmình,2
641,chaiko,2
642,liê,10
643,didn,4
644,lông,90
645,theo,2926
646,since,2
647,hnay,16
648,bà,492
649,size,278
650,moriawas,2
651,mini,90
652,trươ,28
653,rụm,16
654,baotucachienxu,2
655,spice,2
656,báu,2
657,lá,402
658,mắtgọi,2
659,nghĩa,106
660,tép,4
661,elizabeth,2
662,anh,2350
663,fanpage,4
664,yoghurt,6
665,choy,2
666,hằng,70
667,jamlog,2
668,melon,2
669,pleiku,4
670,shi,2
671,zẻo,2
672,rung,20
673,sicilia,2
674,bữa,1284
675,tea,144
676,cs,6
677,city,60
678,chấm,942
679,suprime,2
680,cmái,2
681,nội,32
682,hoiandailytours,2
683,babies,2
684,south,8
685,special,40
686,kiêm,22
687,nhe,42
688,metro,18
689,nisaka,2
690,chôn,2
691,thiết,26
692,bonheur,2
693,bổn,2
694,chấp,8
695,vở,2
696,decor,38
697,el,6
698,rum,4
699,ranger,4
700,lực,8
701,river,6
702,more,42
703,tuyền,8
704,pancake,10
705,thạc,2
706,mừng,106
707,chẹpcác,2
708,sảng,4
709,nghiêm,12
710,ntâm,2
711,cầu,338
712,chewy,2
713,sói,4
714,chậu,104
715,product,2
716,sụn,12
717,thông,108
718,nun,2
719,hurt,6
720,khongian,2
721,nhiwng,2
722,pvu,2
723,kat,2
724,cần,1108
725,nếm,2
726,point,4
727,lỗi,28
728,chốn,36
729,quái,10
730,crepes,4
731,co,1864
732,shop,40
733,nhẽo,2
734,lop,2
735,tropical,4
736,whiped,6
737,nature,4
738,rât,6
739,cáu,2
740,services,2
741,rửa,106
742,ubnd,6
743,ngonquán,4
744,spaguety,2
745,mém,2
746,luyện,10
747,tưới,14
748,tàu,372
749,nươ,82
750,khe,14
751,tables,4
752,savory,2
753,italian,2
754,xuyên,126
755,trưa,1154
756,shushi,2
757,viết,294
758,table,18
759,menma,2
760,máu,34
761,chă,56
762,contact,2
763,yêu,890
764,tuyệtcó,2
765,fast,4
766,mirinda,2
767,thế,494
768,box,16
769,now,20
770,toan,4
771,zìa,4
772,chôclate,4
773,dụ,24
774,kichi,2
775,etc,2
776,bi,324
777,thới,2
778,had,46
779,nứa,6
780,taisuki,2
781,tốt,2766
782,was,240
783,louis,2
784,riêu,44
785,hươ,8
786,there,58
787,vơid,2
788,nữađiểm,2
789,ngói,44
790,bread,4
791,which,42
792,nhiêtn,2
793,gắp,12
794,giảng,12
795,roài,4
796,rĩnh,2
797,hand,2
798,lươ,86
799,rare,10
800,hk,2
801,trao,12
802,lon,98
803,cơn,88
804,bở,12
805,hoá,18
806,sào,2
807,insalata,2
808,coleagues,4
809,tiêu,296
810,thằng,130
811,ps,52
812,mucrimiskim,4
813,mác,8
814,chầu,18
815,chảng,24
816,punch,2
817,memu,2
818,nvê,2
819,khọ,2
820,muô,28
821,service,102
822,hihih,2
823,kgia,2
824,minibar,2
825,icream,2
826,lam,74
827,trạm,22
828,art,32
829,another,6
830,nửa,294
831,vincom,22
832,qt,2
833,chệ,2
834,sr,14
835,hoangdukhuong,2
836,banhtrangthitluoc,2
837,regulary,2
838,xiên,22
839,elegant,2
840,grenea,2
841,lầm,28
842,blend,2
843,quản,4
844,pastry,2
845,fo,2
846,samoyed,2
847,premium,4
848,sake,6
849,yep,2
850,team,36
851,nem,280
852,họ,494
853,que,324
854,gam,44
855,thừ,2
856,korean,4
857,cha,242
858,amazon,2
859,hạt,466
860,non,126
861,mid,4
862,skin,6
863,nhét,2
864,kỹ,146
865,dưa,216
866,khuất,146
867,definitely,4
868,piano,94
869,hát,320
870,club,98
871,bargain,2
872,rộg,2
873,relaxed,2
874,ngắm,870
875,found,6
876,tastong,2
877,kg,250
878,ph,30
879,nhậu,6
880,sừng,14
881,bợt,2
882,khép,2
883,vđ,2
884,bửa,2
885,phile,2
886,bang,16
887,especialy,6
888,ok,3266
889,xét,48
890,mâm,78
891,utm,2
892,dquán,2
893,blues,2
894,săn,44
895,với,13774
896,barbos,6
897,kids,2
898,trìh,2
899,kiêu,20
900,tầm,1220
901,spicy,4
902,ké,2
903,choẹ,8
904,béo,1888
905,thuyền,104
906,sâm,136
907,iceblend,6
908,kẹt,2
909,lặc,2
910,tá,24
911,ngay,3200
912,eo,76
913,trag,6
914,not,118
915,kịch,16
916,mau,122
917,tang,6
918,smoth,4
919,mashmalow,2
920,toliets,2
921,nường,2
922,khanh,6
923,share,6
924,cos,2
925,cigarlover,2
926,bunhen,1
927,não,26
928,ngưng,16
929,best,110
930,dq,22
931,tối,2344
932,hy,8
933,ngonmeli,2
934,quýt,2
935,donuong,2
936,houji,2
937,mucrim,2
938,máy,276
939,host,2
940,lap,30
941,loạn,18
942,xuô,2
943,loan,22
944,hùi,2
945,abc,18
946,thì,21096
947,tra,598
948,going,6
949,fredom,4
950,blue,94
951,nhát,12
952,nhatrang,2
953,xuố,2
954,drinks,20
955,bluebery,10
956,ngaytàu,2
957,nạc,64
958,dỏm,4
959,mushrom,2
960,gãy,8
961,tocnic,2
962,tháp,92
963,nếp,76
964,fair,2
965,sưã,2
966,kamws,2
967,khoang,12
968,hanu,4
969,thăn,4
970,man,32
971,voucher,14
972,rosini,2
973,batman,2
974,dim,4
975,tortilas,4
976,nvậy,2
977,bac,4
978,sofia,2
979,ngấy,2
980,site,2
981,its,18
982,phía,700
983,ti,644
984,pải,2
985,chả,1174
986,bắt,194
987,giếng,8
988,rát,2
989,hoăc,2
990,hashtag,917
991,reply,2
992,katy,4
993,flap,2
994,nchung,10
995,hủ,400
996,pig,4
997,logic,8
998,pít,2
999,kẹp,86
1000,mặn,1056
1001,tako,4
1002,cakes,4
1003,kèm,2330
1004,vao,2
1005,vệt,2
1006,kimbap,28
1007,tắt,50
1008,dạo,426
1009,lăng,26
1010,snicker,2
1011,hoc,12
1012,nhẩn,2
1013,lây,2
1014,rg,2
1015,chùa,262
1016,basketnhưng,2
1017,vou,2
1018,ghiềnmấy,2
1019,california,16
1020,volume,2
1021,france,2
1022,khỏi,1546
1023,hỏi,980
1024,nàyvà,2
1025,xủng,2
1026,nodle,6
1027,gogle,2
1028,comeback,2
1029,carbon,2
1030,bưng,22
1031,kệ,2
1032,saigon,82
1033,rằm,46
1034,calichi,2
1035,cocktail,8
1036,mose,2
1037,dia,26
1038,story,22
1039,purpose,4
1040,gai,16
1041,gậy,10
1042,giây,12
1043,girl,26
1044,maguro,2
1045,gram,26
1046,bôn,2
1047,thưởng,66
1048,gang,20
1049,càng,598
1050,nhoa,10
1051,nghìn,68
1052,update,2
1053,nostalgia,2
1054,mrle,2
1055,milkbar,2
1056,sứ,50
1057,ngự,4
1058,red,82
1059,soup,42
1060,phòng,1542
1061,thách,2
1062,talk,8
1063,xứng,72
1064,breze,2
1065,hêhe,2
1066,quận,476
1067,film,48
1068,nước,7070
1069,peanut,2
1070,lạc,148
1071,vđấy,2
1072,check,14
1073,lovers,6
1074,nhậm,4
1075,pbữa,2
1076,campaign,2
1077,nhọn,2
1078,xã,70
1079,tù,12
1080,thạnh,18
1081,band,48
1082,yang,2
1083,ds,40
1084,noi,38
1085,courses,2
1086,rũ,6
1087,lấp,10
1088,oạn,4
1089,because,32
1090,muộn,110
1091,vài,1080
1092,lg,18
1093,thuế,60
1094,tốn,188
1095,reader,2
1096,iced,2
1097,bom,10
1098,vô,1444
1099,devine,2
1100,níu,2
1101,tức,30
1102,ruốchè,2
1103,blah,10
1104,ngọ,4
1105,dau,28
1106,cất,38
1107,col,44
1108,cone,20
1109,times,20
1110,cổly,2
1111,indie,2
1112,han,16
1113,ntmk,2
1114,lãnh,20
1115,thảm,18
1116,lày,2
1117,kết,636
1118,thiet,2
1119,houjicha,4
1120,tòng,2
1121,tí,80
1122,bento,4
1123,goc,2
1124,jaz,2
1125,birthday,6
1126,gắn,64
1127,of,354
1128,dayzs,4
1129,then,4
1130,cưg,2
1131,lo,464
1132,băm,76
1133,pộ,2
1134,ví,22
1135,american,2
1136,nè,96
1137,hiển,6
1138,way,36
1139,cổ,392
1140,bấm,56
1141,kinh,126
1142,khắp,62
1143,kiếm,344
1144,bài,678
1145,central,4
1146,dậo,2
1147,lt,2
1148,tham,48
1149,nô,102
1150,ong,40
1151,tao,36
1152,toàn,1380
1153,chờ,948
1154,vyêu,2
1155,ngét,2
1156,cai,32
1157,cả,5400
1158,né,2
1159,mái,170
1160,tasting,2
1161,string,6
1162,podle,4
1163,sự,1018
1164,wad,2
1165,niêu,2
1166,trùi,2
1167,hoành,18
1168,nhặt,24
1169,frien,2
1170,gap,4
1171,húy,4
1172,chích,6
1173,snitzel,2
1174,cụp,4
1175,nhè,6
1176,trâ,2
1177,jan,6
1178,khuôn,22
1179,matcha,148
1180,luônước,2
1181,kim,84
1182,starchy,2
1183,nư,92
1184,thánh,18
1185,sâ,4
1186,hihitiền,2
1187,healthy,4
1188,hòng,2
1189,brownie,10
1190,thườg,4
1191,mũi,116
1192,thặc,2
1193,chẹpquán,2
1194,nằm,2460
1195,comcuontrung,2
1196,tử,50
1197,enjoy,6
1198,kakao,4
1199,compared,4
1200,thở,118
1201,sukiyaki,6
1202,came,2
1203,thâp,2
1204,ghê,48
1205,salon,6
1206,wan,4
1207,young,10
1208,hjxhjx,2
1209,chẳng,342
1210,tiền,1656
1211,zẻ,12
1212,iên,4
1213,chồng,96
1214,cabin,4
1215,coton,2
1216,tôn,36
1217,chéo,4
1218,tuyến,18
1219,vegies,2
1220,giở,2
1221,hạ,30
1222,forward,4
1223,luch,2
1224,lui,26
1225,picture,2
1226,chói,2
1227,cớ,2
1228,ntn,8
1229,thoy,8
1230,phối,16
1231,gần,3098
1232,phơi,24
1233,chém,126
1234,bpf,2
1235,chosen,2
1236,gũi,2
1237,fô,2
1238,phốc,2
1239,flavors,2
1240,cường,2
1241,nhécó,2
1242,soda,46
1243,nq,2
1244,dichvudulichbien,2
1245,nứt,12
1246,ghiê,8
1247,thấy,10664
1248,vấuhạt,2
1249,seasoned,2
1250,trasua,12
1251,quality,48
1252,hàmì,2
1253,hè,132
1254,smothie,24
1255,yngon,2
1256,chịu,296
1257,thái,1118
1258,ung,18
1259,thoang,2
1260,tnv,2
1261,wines,2
1262,said,2
1263,thăm,132
1264,mắtđổi,2
1265,shirt,2
1266,nka,2
1267,quyền,26
1268,trụ,14
1269,tìh,2
1270,clasic,4
1271,bu,154
1272,flavor,4
1273,son,10
1274,pamela,2
1275,hút,304
1276,dù,1032
1277,ge,8
1278,vờikem,2
1279,phomaique,2
1280,triển,14
1281,tsữa,2
1282,breakfast,6
1283,lay,4
1284,ungs,2
1285,kha,946
1286,lô,66
1287,fodie,2
1288,tuyết,230
1289,junsachi,2
1290,nhiet,4
1291,sửu,2
1292,angel,2
1293,gà,3808
1294,xúc,16
1295,items,2
1296,crispy,2
1297,thg,4
1298,hipo,2
1299,parking,6
1300,management,2
1301,fan,226
1302,befsteak,14
1303,fujoshi,2
1304,combo,62
1305,niko,4
1306,mua,3202
1307,gạc,2
1308,cững,2
1309,ratoulie,2
1310,dơgiữ,2
1311,zưới,2
1312,nickname,4
1313,yogurt,22
1314,macarons,2
1315,arts,2
1316,ngonchu,2
1317,indor,2
1318,rút,128
1319,chiêb,2
1320,ngón,12
1321,varieties,2
1322,pgia,2
1323,furious,4
1324,mi,1574
1325,xư,12
1326,phai,2
1327,cake,106
1328,sang,882
1329,cột,36
1330,nổ,40
1331,ala,2
1332,thức,1300
1333,thêu,4
1334,nán,4
1335,branzino,2
1336,upon,2
1337,other,24
1338,cant,2
1339,les,18
1340,each,4
1341,den,18
1342,snacks,2
1343,chứa,118
1344,kawai,2
1345,som,2
1346,thank,2
1347,sin,10
1348,work,14
1349,xám,12
1350,nâu,72
1351,rồichốt,2
1352,xep,4
1353,nới,8
1354,râ,180
1355,quite,2
1356,soju,4
1357,ghiền,50
1358,haha,14
1359,cuoc,2
1360,part,2
1361,rang,396
1362,phà,44
1363,weding,2
1364,italia,12
1365,used,4
1366,hô,276
1367,nĩa,16
1368,gò,18
1369,robert,2
1370,statement,2
1371,từng,1500
1372,creams,2
1373,rực,2
1374,smile,2
1375,rễ,26
1376,nhạc,1638
1377,hiệu,24
1378,lhoai,2
1379,bánh,10000
1380,bỗng,12
1381,cán,4
1382,raspbery,4
1383,siêu,1994
1384,chợt,4
1385,ngoại,36
1386,pharaoh,2
1387,nụ,12
1388,lộc,28
1389,xâ,4
1390,nung,2
1391,soa,2
1392,mìh,12
1393,học,972
1394,sươn,2
1395,nghêu,8
1396,món,18050
1397,ngọtxoài,2
1398,chuồng,12
1399,gâ,30
1400,decorated,4
1401,ngonước,2
1402,chào,320
1403,cóc,76
1404,tag,6
1405,sent,2
1406,niwax,2
1407,tiếng,674
1408,menu,2132
1409,pane,2
1410,lâm,26
1411,kemflan,2
1412,beo,2
1413,trật,2
1414,gửi,786
1415,chn,2
1416,treat,2
1417,dược,10
1418,phọng,2
1419,tortino,2
1420,nào,5528
1421,vỏ,406
1422,bjo,2
1423,sunrise,4
1424,cáo,6
1425,cofe,112
1426,nhứt,10
1427,bitexco,6
1428,kgian,2
1429,cở,2
1430,quyến,4
1431,vôi,8
1432,hehe,70
1433,soi,24
1434,nhiễm,6
1435,iện,2
1436,munhf,2
1437,most,16
1438,shiper,2
1439,lợ,8
1440,ky,66
1441,won,2
1442,dorm,2
1443,lốc,28
1444,luônđem,2
1445,emotion,2
1446,chuyển,298
1447,graphics,2
1448,banchan,2
1449,gx,2
1450,album,22
1451,nắng,332
1452,costa,6
1453,burger,30
1454,hòi,2
1455,ahihi,2
1456,photography,2
1457,lõm,2
1458,gi,222
1459,mút,22
1460,sg,304
1461,htm,2
1462,khuấy,4
1463,thoi,56
1464,te,30
1465,vâng,16
1466,xoắn,22
1467,nậm,16
1468,tím,102
1469,say,122
1470,bach,2
1471,ngài,10
1472,cahoidutlo,2
1473,ko,8018
1474,simon,2
1475,marshmalow,2
1476,ground,2
1477,ombre,4
1478,nhiêu,94
1479,ngonkhongtheta,2
1480,tráng,62
1481,nghi,92
1482,leaf,2
1483,mắm,364
1484,chânsau,2
1485,pc,4
1486,quý,40
1487,into,4
1488,mệt,10
1489,carefuly,2
1490,oke,4
1491,liên,26
1492,bgon,2
1493,teoboki,2
1494,escape,2
1495,papa,2
1496,châ,74
1497,bọt,84
1498,ngả,18
1499,dở,8
1500,planing,2
1501,lunches,2
1502,lục,28
1503,wá,2
1504,down,18
1505,mon,100
1506,giống,1112
1507,motor,4
1508,ric,2
1509,kcreme,2
1510,rating,2
1511,hix,14
1512,cải,158
1513,nsl,2
1514,tivi,2
1515,diligent,2
1516,rãnh,76
1517,oceanfront,2
1518,white,20
1519,masterchef,2
1520,phucvutantinh,2
1521,tiger,22
1522,trầm,68
1523,nơ,32
1524,hạnh,12
1525,gem,2
1526,chiến,18
1527,họcđể,2
1528,móng,28
1529,thiê,42
1530,pokipoki,2
1531,id,2
1532,maki,12
1533,br,62
1534,lật,6
1535,dán,70
1536,chúc,220
1537,klq,4
1538,kiều,10
1539,ty,20
1540,tanh,12
1541,mư,12
1542,kình,4
1543,trăng,24
1544,recomande,2
1545,mổ,8
1546,bụi,70
1547,nghiền,202
1548,duy,40
1549,hơn,7070
1550,is,374
1551,vó,2
1552,and,668
1553,luônói,2
1554,cauda,2
1555,dể,8
1556,cộngsẽ,2
1557,mên,2
1558,casi,2
1559,lăm,20
1560,của,10380
1561,ai,1794
1562,dinh,48
1563,buồng,4
1564,tố,6
1565,kbạn,2
1566,loi,2
1567,iph,4
1568,kio,2
1569,tây,598
1570,phơ,4
1571,moktail,2
1572,text,14
1573,reasonable,2
1574,lạnhnhân,2
1575,lă,72
1576,giòn,2194
1577,type,2
1578,cuống,22
1579,tokboki,20
1580,bufet,52
1581,lớndc,2
1582,tà,2
1583,robins,4
1584,yeah,4
1585,bá,250
1586,như,6884
1587,xgia,2
1588,néu,2
1589,khói,364
1590,fod,52
1591,kêu,1586
1592,thành,454
1593,khôn,10
1594,thả,124
1595,nạp,8
1596,ce,10
1597,dập,26
1598,rong,66
1599,vùi,2
1600,jumbo,2
1601,ngỗng,58
1602,chảo,266
1603,bịt,12
1604,chỉnh,48
1605,phải,6338
1606,dịch,4
1607,nek,6
1608,họng,56
1609,nhât,2
1610,seafod,22
1611,hoho,2
1612,thự,2
1613,muỗi,40
1614,joging,2
1615,cát,126
1616,post,62
1617,tổng,234
1618,mõi,6
1619,bới,6
1620,hân,2
1621,court,8
1622,nêu,16
1623,sanh,4
1624,mobile,2
1625,ninja,2
1626,vongole,4
1627,khóc,24
1628,dc,726
1629,yum,8
1630,vì,7102
1631,bot,6
1632,quấn,34
1633,chui,80
1634,dnói,2
1635,gác,60
1636,nhích,2
1637,bene,2
1638,pub,54
1639,french,14
1640,afordable,4
1641,bầy,22
1642,caphesach,2
1643,nay,890
1644,list,78
1645,thắp,30
1646,làng,38
1647,tuk,4
1648,má,56
1649,tamarind,2
1650,de,112
1651,with,186
1652,bìh,2
1653,orient,2
1654,imported,2
1655,nguyệt,4
1656,zô,16
1657,xóc,4
1658,hố,22
1659,roftop,4
1660,oa,14
1661,về,5808
1662,em,2086
1663,buông,2
1664,xào,854
1665,choáng,4
1666,khac,4
1667,om,8
1668,chiếu,162
1669,lị,2
1670,mĩên,2
1671,họa,2
1672,thăg,2
1673,mo,750
1674,iu,22
1675,oan,4
1676,ngà,2
1677,circle,8
1678,tưng,2
1679,vùngnếu,2
1680,lư,50
1681,convenient,2
1682,lùi,6
1683,front,2
1684,lịch,60
1685,hợp,1272
1686,chua,898
1687,hạc,2
1688,nhuyển,2
1689,simple,2
1690,cắn,180
1691,hậu,20
1692,pé,4
1693,mòn,24
1694,chiêu,4
1695,cac,54
1696,ho,1743
1697,trỗi,6
1698,quán,35136
1699,ship,42
1700,remind,2
1701,cones,2
1702,crepe,22
1703,family,26
1704,baby,14
1705,kji,2
1706,dùg,2
1707,thủng,4
1708,mượn,48
1709,xóa,2
1710,vthế,2
1711,khung,82
1712,nón,42
1713,xecó,2
1714,sâu,114
1715,milkshake,8
1716,square,4
1717,khăn,182
1718,okgia,2
1719,ali,2
1720,toncafe,2
1721,re,244
1722,xực,4
1723,trình,26
1724,potato,6
1725,nhac,2
1726,chesecakes,4
1727,mõ,2
1728,dùm,6
1729,chẹp,74
1730,phú,58
1731,tim,68
1732,voulez,4
1733,left,4
1734,hông,220
1735,lớn,1114
1736,duong,10
1737,gym,2
1738,thật,1300
1739,sped,2
1740,phố,494
1741,kakaka,6
1742,chòn,2
1743,duyên,54
1744,ngáo,2
1745,from,50
1746,ngonhưng,2
1747,bằng,1496
1748,bh,6
1749,ygọi,2
1750,insidious,2
1751,chọ,2
1752,hungry,2
1753,xoa,14
1754,jacks,2
1755,zalo,2
1756,shares,2
1757,ngây,4
1758,lại,11810
1759,shrimp,10
1760,cali,2
1761,khu,1402
1762,giảm,842
1763,táo,260
1764,luônbước,2
1765,pg,22
1766,lý,114
1767,dân,372
1768,lữ,2
1769,giày,26
1770,khánh,16
1771,store,4
1772,hancok,2
1773,vỗ,4
1774,rác,52
1775,dĩa,72
1776,cug,4
1777,pasport,2
1778,lẫy,2
1779,hí,74
1780,customers,2
1781,rob,2
1782,fruity,2
1783,seoni,2
1784,ayuki,2
1785,quần,14
1786,tuoi,4
1787,thầm,4
1788,phầnmột,2
1789,croisant,2
1790,gen,4
1791,tên,1014
1792,cokiefe,2
1793,lựu,52
1794,java,4
1795,phượng,6
1796,giọng,88
1797,vang,100
1798,kho,424
1799,citrus,2
1800,quyển,36
1801,uoc,2
1802,as,84
1803,nhavề,2
1804,buza,2
1805,wp,2
1806,cupcakes,2
1807,rao,2
1808,imperial,6
1809,vê,24
1810,recomend,38
1811,cựcnhìn,2
1812,nhìu,72
1813,lưu,70
1814,nêm,564
1815,gạch,88
1816,hôg,2
1817,nhiệm,6
1818,mâý,2
1819,zamky,2
1820,sật,12
1821,tan,408
1822,cari,8
1823,thời,138
1824,nhưg,16
1825,quạn,2
1826,dàng,2
1827,chô,70
1828,xèo,6
1829,israel,2
1830,london,8
1831,si,12
1832,bời,2
1833,chọe,2
1834,dụng,10
1835,kháchthức,2
1836,phiếu,160
1837,mặt,580
1838,inch,4
1839,hé,10
1840,sỉ,2
1841,wonderful,2
1842,display,2
1843,phủ,218
1844,above,4
1845,bí,100
1846,yna,2
1847,striploin,4
1848,phê,30
1849,lenon,2
1850,bad,6
1851,your,38
1852,phần,3796
1853,anime,8
1854,mr,60
1855,such,18
1856,nana,4
1857,die,2
1858,một,6216
1859,giấy,222
1860,hostel,4
1861,biển,582
1862,ks,6
1863,ever,2
1864,thủy,10
1865,mong,302
1866,one,90
1867,dango,2
1868,hihi,74
1869,expensive,6
1870,quét,24
1871,coconut,6
1872,reviews,10
1873,mỡ,354
1874,mười,14
1875,thanks,6
1876,chickenteriaki,2
1877,hũ,2
1878,cảnh,388
1879,stil,2
1880,nguyện,6
1881,sợi,354
1882,dđường,2
1883,conan,12
1884,ecard,14
1885,chiết,4
1886,uy,2
1887,nếu,2466
1888,wody,2
1889,ngon,32588
1890,nedles,2
1891,mắt,384
1892,cang,20
1893,meitu,2
1894,sớm,552
1895,gorgonzola,2
1896,tín,4
1897,pctrinh,2
1898,sale,6
1899,nâng,30
1900,xả,192
1901,tận,558
1902,nữađang,2
1903,fruz,2
1904,riêg,2
1905,stafs,2
1906,tauhu,2
1907,chủ,3916
1908,vội,48
1909,alot,2
1910,lãm,4
1911,nga,224
1912,khâu,100
1913,lu,220
1914,diferent,4
1915,fat,2
1916,chicken,36
1917,stone,6
1918,ghi,260
1919,fù,2
1920,mail,4
1921,mậu,2
1922,chội,8
1923,bobapop,6
1924,khoan,8
1925,kamakura,4
1926,ysư,2
1927,cuộc,44
1928,vần,8
1929,kung,4
1930,areas,2
1931,trg,6
1932,bứng,2
1933,tg,2
1934,tinh,98
1935,bắc,214
1936,amazing,4
1937,năng,70
1938,qu,2
1939,gân,96
1940,măm,40
1941,bulgogi,10
1942,php,2
1943,open,16
1944,his,10
1945,nhà,3102
1946,miễn,262
1947,chư,140
1948,trug,4
1949,ktay,4
1950,dầy,8
1951,board,8
1952,tđược,2
1953,kép,8
1954,haki,12
1955,liệt,4
1956,lồng,44
1957,tuổi,180
1958,xênh,2
1959,chắc,2208
1960,bruele,4
1961,acoustic,2
1962,hia,4
1963,ordered,8
1964,thus,2
1965,philipin,2
1966,pà,4
1967,hem,4
1968,kid,2
1969,tú,6
1970,hàm,20
1971,khảo,2
1972,giữacác,2
1973,coctail,6
1974,mimosa,2
1975,deck,2
1976,vịt,350
1977,lần,9382
1978,those,2
1979,desert,18
1980,cal,2
1981,dầu,216
1982,café,32
1983,pha,1142
1984,báh,2
1985,pie,10
1986,pin,12
1987,chia,274
1988,chiu,2
1989,tinyurl,2
1990,nối,6
1991,perfect,4
1992,dao,70
1993,font,2
1994,tot,2
1995,strawbery,14
1996,chocomint,2
1997,sandwich,6
1998,thềm,6
1999,cỡ,278
2000,laptop,2
2001,chế,76
2002,boy,18
2003,nhồi,30
2004,fil,2
2005,suachuanepcam,4
2006,trág,2
2007,vực,8
2008,crumb,2
2009,brand,2
2010,signature,4
2011,hcm,72
2012,caled,2
2013,trachanh,4
2014,bật,198
2015,bistrot,2
2016,tokyo,48
2017,matsuri,2
2018,bích,6
2019,súng,26
2020,rucola,4
2021,mesa,8
2022,thây,4
2023,tgian,2
2024,dứa,144
2025,sesame,6
2026,what,16
2027,ng,20396
2028,body,28
2029,giao,540
2030,số,894
2031,nhầm,186
2032,sexy,2
2033,their,16
2034,banme,2
2035,thom,4
2036,ios,2
2037,chan,74
2038,suc,2
2039,fen,2
2040,rắc,82
2041,health,4
2042,nhan,48
2043,ngươi,12
2044,hơ,32
2045,ymẫu,2
2046,sựt,20
2047,gan,132
2048,poster,16
2049,quài,20
2050,balanced,2
2051,gate,2
2052,sugar,4
2053,iểm,120
2054,about,28
2055,island,6
2056,khoá,42
2057,khuyến,6
2058,bailey,6
2059,alfresco,6
2060,vắt,68
2061,bat,4
2062,xắt,66
2063,lúp,4
2064,tuâ,22
2065,khác,4542
2066,marukame,2
2067,giam,12
2068,nhau,902
2069,nhựa,82
2070,mọi,1926
2071,toà,80
2072,xầm,2
2073,bòcác,2
2074,men,38
2075,dồng,2
2076,north,2
2077,rõ,432
2078,hiehie,2
2079,dorayaki,6
2080,yokoso,6
2081,ordinary,2
2082,kham,8
2083,boys,2
2084,bọ,6
2085,tật,6
2086,orange,20
2087,rảnh,12
2088,jun,12
2089,cok,4
2090,popeyes,2
2091,hie,2
2092,cày,4
2093,kv,6
2094,hơt,2
2095,chẹpmón,2
2096,nát,44
2097,refil,8
2098,mc,36
2099,xương,232
2100,hnhư,2
2101,thi,1732
2102,huongmaicafe,2
2103,around,24
2104,thâm,8
2105,her,6
2106,cota,118
2107,hoai,2
2108,cozy,4
2109,dọn,258
2110,fastfod,6
2111,ngqua,2
2112,mê,732
2113,sưng,6
2114,ngất,2
2115,yaogurt,2
2116,score,4
2117,nhể,2
2118,thẻ,464
2119,clif,2
2120,thập,14
2121,pesto,4
2122,we,80
2123,diner,8
2124,boat,2
2125,bs,2
2126,mik,2
2127,ybị,2
2128,without,8
2129,dương,68
2130,tasty,6
2131,clubhnay,2
2132,order,1412
2133,hamburger,8
2134,hạm,4
2135,bt,190
2136,ca,1738
2137,sur,2
2138,option,8
2139,mui,2
2140,nhìêu,2
2141,lén,6
2142,bung,4
2143,thâu,2
2144,trưởng,6
2145,sái,2
2146,mont,2
2147,diêu,8
2148,tràng,18
2149,places,16
2150,hspa,2
2151,this,174
2152,nữamình,2
2153,recomending,2
2154,crusine,2
2155,dream,4
2156,tắc,94
2157,scotland,2
2158,texas,52
2159,pecastore,2
2160,xuâ,2
2161,mãn,24
2162,roi,18
2163,niềm,26
2164,ngta,2
2165,trĩ,2
2166,sakura,70
2167,koreanfod,4
2168,súp,446
2169,khoi,2
2170,nhém,2
2171,york,2
2172,tào,2
2173,dữ,68
2174,rài,2
2175,ngư,20
2176,betola,2
2177,giòmón,2
2178,gateau,6
2179,ki,94
2180,think,8
2181,rib,2
2182,taco,4
2183,uô,114
2184,chicago,6
2185,huê,6
2186,nghenhôm,2
2187,phạt,4
2188,dừa,912
2189,bậy,2
2190,riết,10
2191,quới,2
2192,refiled,2
2193,hinabe,2
2194,vintage,12
2195,hongkong,6
2196,couse,2
2197,lai,124
2198,blueocean,2
2199,phương,54
2200,nữađi,2
2201,hoen,2
2202,samsung,12
2203,des,6
2204,days,6
2205,vẻ,130
2206,moriwase,2
2207,creambrule,2
2208,vào,7596
2209,valentine,2
2210,aen,2
2211,reo,2
2212,second,6
2213,mother,2
2214,ngom,2
2215,bái,8
2216,khớp,2
2217,dô,4
2218,hễ,20
2219,chính,740
2220,lã,4
2221,fe,10
2222,mía,96
2223,ynơi,2
2224,màn,38
2225,cái,6070
2226,xát,4
2227,miễng,2
2228,tofu,8
2229,rồi,7104
2230,palace,2
2231,nhatính,2
2232,ghoulish,2
2233,cũn,2
2234,ktrà,2
2235,night,14
2236,domino,4
2237,tỏa,2
2238,mù,38
2239,mảnh,14
2240,quanan,2
2241,diệp,12
2242,chúa,26
2243,cháy,358
2244,gumy,4
2245,hài,48
2246,nuixaobo,2
2247,nàoquán,2
2248,til,2
2249,ngonkem,2
2250,vila,2
2251,trệt,2
2252,savoury,2
2253,products,2
2254,vốn,108
2255,blended,16
2256,bạc,78
2257,rồng,90
2258,hop,30
2259,drama,4
2260,chim,88
2261,iếu,2
2262,basic,2
2263,thẳng,212
2264,ny,2
2265,chips,2
2266,quỹ,2
2267,kông,2
2268,major,2
2269,gây,190
2270,phẩm,20
2271,chíu,2
2272,vò,10
2273,mariot,4
2274,chatluong,4
2275,bone,2
2276,orisoy,2
2277,thống,2
2278,bil,6
2279,trũng,2
2280,cáp,50
2281,mixed,4
2282,win,2
2283,dynamic,2
2284,photos,4
2285,nchă,2
2286,chẽ,2
2287,thuận,22
2288,mipec,2
2289,ap,16
2290,noen,2
2291,shenshi,2
2292,vú,86
2293,thượng,50
2294,chipa,2
2295,nương,24
2296,tắm,276
2297,chặt,102
2298,alo,6
2299,khuya,8
2300,nhi,278
2301,german,2
2302,hung,10
2303,couldnt,2
2304,rừng,154
2305,moriawase,4
2306,title,2
2307,xỉa,4
2308,top,52
2309,suki,16
2310,htps,6
2311,treasures,2
2312,bmc,2
2313,benep,2
2314,ref,2
2315,gònkem,2
2316,hồng,338
2317,cồ,4
2318,sương,94
2319,tuna,4
2320,nhưngphải,2
2321,thich,6
2322,cào,12
2323,xuồng,12
2324,bớt,134
2325,bình,362
2326,hạp,12
2327,tiệm,646
2328,mb,4
2329,cus,2
2330,decided,2
2331,chậc,2
2332,huy,16
2333,củ,358
2334,smothies,12
2335,that,78
2336,gương,58
2337,gư,6
2338,wow,2
2339,xa,1008
2340,great,70
2341,khuyết,4
2342,tróc,2
2343,chiler,4
2344,vụnhanh,2
2345,luôncó,2
2346,sả,138
2347,guy,2
2348,hsv,4
2349,italy,2
2350,quy,30
2351,pad,8
2352,ngục,2
2353,xốp,178
2354,tuyet,8
2355,aus,2
2356,sky,4
2357,glaze,2
2358,rổi,2
2359,loa,166
2360,ngủ,218
2361,lat,2
2362,scenery,2
2363,wán,6
2364,hề,550
2365,cựu,4
2366,seling,2
2367,gục,2
2368,hoà,48
2369,who,16
2370,garden,42
2371,chât,2
2372,xỉnh,4
2373,xịt,4
2374,cuô,14
2375,ngột,2
2376,oil,2
2377,trư,42
2378,expected,2
2379,bami,6
2380,bok,18
2381,dj,118
2382,sửa,74
2383,ngong,2
2384,cân,108
2385,rạch,8
2386,dạy,52
2387,rí,2
2388,soft,12
2389,nhã,10
2390,nhốt,4
2391,sting,14
2392,tuệ,2
2393,nhieu,4
2394,texture,2
2395,sận,2
2396,nữapiza,2
2397,chose,4
2398,hót,2
2399,alice,24
2400,visit,8
2401,side,24
2402,bianinhbinh,2
2403,guys,6
2404,hardwel,2
2405,bán,2566
2406,chùm,30
2407,nghiêng,6
2408,hăng,4
2409,ngòi,8
2410,meal,6
2411,giá,7928
2412,xẻ,8
2413,qtqd,2
2414,calogen,2
2415,rỉnh,2
2416,phổ,10
2417,chó,120
2418,am,148
2419,nhưn,2
2420,côg,2
2421,hana,2
2422,crumble,2
2423,chất,974
2424,phân,40
2425,ze,6
2426,hoan,2
2427,mạch,8
2428,tacanh,2
2429,lyn,2
2430,key,4
2431,vòm,12
2432,nutela,2
2433,maviên,2
2434,bẹ,2
2435,tầg,4
2436,kiệt,28
2437,ilike,2
2438,heheđúng,2
2439,nữamấy,2
2440,botanica,2
2441,chửi,2
2442,luc,14
2443,how,8
2444,kblue,2
2445,cực,2858
2446,rãh,2
2447,packed,2
2448,restaurants,4
2449,trà,7798
2450,vượt,26
2451,drink,20
2452,vối,2
2453,ngeu,2
2454,thơmvà,2
2455,mẩu,16
2456,kén,68
2457,vegetable,2
2458,handrol,2
2459,wish,2
2460,dòm,4
2461,vù,2
2462,thấp,122
2463,bùi,96
2464,sét,12
2465,diểm,2
2466,sea,8
2467,tròi,2
2468,quẻ,8
2469,gòn,134
2470,cài,12
2471,qay,2
2472,job,2
2473,cad,2
2474,ráng,4
2475,cấp,134
2476,sịn,6
2477,vật,44
2478,sờ,2
2479,tùng,6
2480,min,14
2481,hỏa,4
2482,hổi,4
2483,họp,228
2484,understod,2
2485,website,20
2486,bóc,26
2487,rụng,12
2488,ság,4
2489,phuc,12
2490,cười,448
2491,sỏi,6
2492,ngpn,2
2493,sợ,656
2494,dieu,6
2495,purin,2
2496,sample,2
2497,fried,8
2498,quoc,8
2499,taste,4
2500,be,280
2501,lều,66
2502,rời,42
2503,chộp,4
2504,tonkatsu,6
2505,warabi,2
2506,noel,164
2507,dặn,104
2508,sủi,8
2509,máp,2
2510,rainbow,8
2511,restaurant,16
2512,ke,104
2513,ná,4
2514,lí,18
2515,ribs,6
2516,vâ,18
2517,mộ,4
2518,quẹt,4
2519,chẹ,2
2520,dabaohanquoc,2
2521,master,10
2522,company,14
2523,sươ,8
2524,thic,4
2525,candy,4
2526,do,1994
2527,mừ,2
2528,dragon,4
2529,kishin,2
2530,kèn,6
2531,mí,2
2532,mỳ,1036
2533,gyoza,4
2534,cam,274
2535,hinh,26
2536,nữatrời,2
2537,ngonvì,2
2538,suite,2
2539,alpha,4
2540,khám,18
2541,malaysia,6
2542,nuô,2
2543,toán,6
2544,ngtra,2
2545,pepsi,20
2546,liều,8
2547,email,6
2548,luônvi,2
2549,uối,2
2550,tem,6
2551,icecream,12
2552,lim,2
2553,trê,6
2554,sui,2
2555,sợt,2
2556,triều,8
2557,chống,34
2558,chú,638
2559,urban,4
2560,rơ,2
2561,nă,22
2562,giai,20
2563,trục,28
2564,ha,566
2565,cướp,8
2566,kỉ,38
2567,bef,30
2568,eye,26
2569,khién,2
2570,tưởng,468
2571,chinh,10
2572,dâu,616
2573,vui,1068
2574,fine,2
2575,lách,4
2576,nhma,2
2577,blaở,2
2578,corp,2
2579,ri,34
2580,lằn,2
2581,nén,10
2582,thứ,2056
2583,mcdonald,2
2584,nến,84
2585,trách,18
2586,hưởng,68
2587,place,184
2588,lùn,8
2589,asian,2
2590,zúng,2
2591,natcha,2
2592,felt,2
2593,sát,182
2594,khen,702
2595,bun,4
2596,tua,2
2597,thac,2
2598,mầm,30
2599,lượn,50
2600,mal,42
2601,gập,2
2602,cộng,756
2603,viê,20
2604,creative,2
2605,friendly,12
2606,cuộn,620
2607,chè,634
2608,cự,6
2609,lecatien,2
2610,milvio,2
2611,ghé,4970
2612,lườn,28
2613,cồn,44
2614,thanh,742
2615,rack,2
2616,mợng,2
2617,chil,6
2618,luật,2
2619,lau,122
2620,zai,4
2621,kingbq,2
2622,hsau,2
2623,pot,8
2624,cream,110
2625,pm,38
2626,tei,2
2627,served,2
2628,trai,120
2629,tr,124
2630,ghép,22
2631,various,2
2632,ofer,4
2633,world,16
2634,tm,28
2635,unc,2
2636,nhữ,2
2637,tv,48
2638,lumos,2
2639,mưa,696
2640,nhúng,198
2641,sour,2
2642,view,1574
2643,mojito,26
2644,mè,6
2645,hjhj,6
2646,vovantan,2
2647,sáng,1176
2648,nhé,2744
2649,salat,12
2650,nz,2
2651,tok,28
2652,ptính,2
2653,vera,4
2654,bôi,6
2655,rìa,2
2656,choux,2
2657,cảo,244
2658,hồi,768
2659,cậu,50
2660,anywhere,2
2661,cùng,1806
2662,vong,4
2663,salad,152
2664,niê,2
2665,tôi,1058
2666,nẵng,10
2667,mocktail,4
2668,ech,4
2669,cám,8
2670,corn,6
2671,rịa,4
2672,hon,12
2673,khácvì,2
2674,frehôm,2
2675,vĩnh,6
2676,dimsum,14
2677,dr,2
2678,sỹ,20
2679,binh,16
2680,sashimi,54
2681,còn,9132
2682,space,26
2683,minutes,2
2684,nhen,4
2685,xơ,20
2686,mẫy,2
2687,walk,2
2688,parabon,2
2689,paradise,2
2690,rate,4
2691,nhum,4
2692,htp,6
2693,luong,18
2694,namunamu,2
2695,gateaux,2
2696,iêu,2
2697,dish,2
2698,cúi,2
2699,hangout,4
2700,dốc,66
2701,cointreau,4
2702,ni,106
2703,hiden,2
2704,inhj,2
2705,vani,24
2706,tì,2
2707,awesome,4
2708,hàu,12
2709,dặm,2
2710,iểu,4
2711,màu,1072
2712,chôm,4
2713,deal,2
2714,im,8
2715,partners,2
2716,cnươ,2
2717,chiken,2
2718,lekeke,2
2719,tart,14
2720,bày,458
2721,steak,48
2722,ngẫm,2
2723,nchuyen,2
2724,zui,12
2725,trồng,62
2726,local,20
2727,phàm,2
2728,trò,94
2729,afternon,4
2730,iceblender,2
2731,atiso,2
2732,spot,2
2733,thaong,2
2734,nhỉnh,2
2735,cứng,258
2736,ngọn,48
2737,bãi,240
2738,ak,178
2739,quế,176
2740,lào,10
2741,enough,4
2742,phiêu,20
2743,cốt,142
2744,mhuwngx,2
2745,aeon,36
2746,whiping,4
2747,yaour,2
2748,already,2
2749,yaourt,22
2750,hồ,712
2751,cừ,4
2752,flowers,2
2753,giờ,1556
2754,bát,490
2755,refreshing,2
2756,sh,4
2757,khan,6
2758,mức,362
2759,uổi,2
2760,mat,12
2761,bó,34
2762,hẵn,2
2763,dẻo,500
2764,hq,4
2765,chestnut,2
2766,thuờg,2
2767,bai,2
2768,bếp,358
2769,trụng,2
2770,tours,2
2771,bửn,2
2772,hox,2
2773,lười,6
2774,xvi,2
2775,cựcsốt,2
2776,ink,2
2777,complan,2
2778,later,6
2779,grentea,6
2780,múa,20
2781,ngợt,2
2782,cuốn,582
2783,giư,14
2784,nh,5082
2785,phình,4
2786,mọc,78
2787,năm,810
2788,comnam,2
2789,giưpj,2
2790,mường,4
2791,tuy,1318
2792,nuong,18
2793,sam,32
2794,cố,76
2795,ten,236
2796,vuông,26
2797,tường,388
2798,tỏi,308
2799,person,2
2800,cap,8
2801,trasuaphuphomai,2
2802,trăm,62
2803,yose,2
2804,ngoe,2
2805,gala,2
2806,tựa,26
2807,vd,2
2808,canbery,4
2809,thỉnh,6
2810,chìm,20
2811,kiwibánh,2
2812,tata,2
2813,milktea,4
2814,kimpap,6
2815,gạo,302
2816,hủy,2
2817,tình,174
2818,nguồn,42
2819,priced,6
2820,mời,348
2821,relationship,2
2822,phái,4
2823,gionhubanhquy,2
2824,lanh,26
2825,lót,56
2826,soạn,2
2827,tonic,2
2828,vespa,2
2829,queto,2
2830,thoại,4
2831,thitnuonghanquoc,2
2832,biểu,2
2833,nhanviendethuong,2
2834,ngonmèo,2
2835,mofcafe,2
2836,cạch,2
2837,trúc,24
2838,hipy,2
2839,mốt,64
2840,khí,70
2841,freship,2
2842,xop,2
2843,khứ,2
2844,hun,32
2845,binhba,2
2846,lòng,424
2847,huyết,28
2848,vết,10
2849,just,56
2850,mùng,94
2851,ngi,2
2852,cạn,22
2853,course,4
2854,no,3130
2855,mạn,8
2856,vợ,42
2857,nguơ,2
2858,măng,50
2859,recomended,18
2860,rhum,2
2861,gê,2
2862,viếng,10
2863,bỏng,42
2864,chức,6
2865,trứng,1612
2866,bẻ,10
2867,gònđặt,2
2868,hap,2
2869,hầu,6
2870,flavour,6
2871,dính,82
2872,waitres,2
2873,sul,10
2874,vừng,22
2875,thường,990
2876,nl,2
2877,quệt,6
2878,pcâ,2
2879,ngơ,10
2880,bin,2
2881,gin,4
2882,chén,518
2883,vodka,6
2884,tuần,1520
2885,thui,22
2886,masa,2
2887,oto,2
2888,timescity,2
2889,chậm,334
2890,có,32684
2891,layers,2
2892,thiếu,236
2893,sống,298
2894,naruto,2
2895,pricesi,2
2896,lít,32
2897,uốnh,2
2898,rủi,2
2899,oán,26
2900,khiêm,2
2901,danh,46
2902,hưng,24
2903,year,6
2904,nồi,326
2905,ruột,438
2906,cupcake,32
2907,taken,2
2908,zới,4
2909,chung,1018
2910,nghĩ,1004
2911,okgiá,2
2912,chỗ,5208
2913,trơ,20
2914,nhừ,4
2915,toàng,2
2916,pv,6
2917,lì,2
2918,nổi,554
2919,ing,4
2920,phép,10
2921,bút,14
2922,baotucahaptieu,2
2923,hàng,1370
2924,smart,6
2925,plan,110
2926,coi,460
2927,sơn,70
2928,sạc,6
2929,bề,12
2930,strip,4
2931,chớp,4
2932,dance,4
2933,choi,4
2934,xoẹt,4
2935,digital,2
2936,duck,2
2937,túi,248
2938,hoang,4
2939,hatdieungon,2
2940,vậy,1374
2941,cặp,202
2942,actualy,2
2943,hjx,2
2944,orion,4
2945,cảnhưng,2
2946,ngừng,32
2947,khâm,6
2948,kute,4
2949,mực,664
2950,while,2
2951,bây,6
2952,sắt,44
2953,stop,2
2954,giốg,2
2955,gas,2
2956,vanila,16
2957,eyes,6
2958,hấp,378
2959,nà,84
2960,why,12
2961,yo,2
2962,sân,350
2963,nữabữa,2
2964,kẻo,2
2965,lẻ,50
2966,tải,12
2967,vinanuts,2
2968,hét,2
2969,thê,204
2970,fruit,18
2971,bunmamchay,2
2972,sô,246
2973,thâyd,2
2974,giáng,4
2975,vặt,32
2976,và,32428
2977,me,426
2978,extreme,2
2979,anchay,2
2980,oh,24
2981,khoa,64
2982,thiệp,4
2983,tằng,2
2984,să,14
2985,ofice,2
2986,max,84
2987,okay,8
2988,oder,6
2989,bửu,12
2990,deluxe,2
2991,guide,6
2992,designed,4
2993,scop,2
2994,quyet,2
2995,hotel,10
2996,protein,6
2997,thuy,2
2998,phó,2
2999,cháo,514
3000,lắp,38
3001,rat,12
3002,hoangha,2
3003,soba,2
3004,bar,430
3005,campo,2
3006,henxucbanhda,2
3007,vn,228
3008,hầm,196
3009,dấm,4
3010,scofe,2
3011,hug,2
3012,prime,2
3013,haz,2
3014,below,2
3015,memory,2
3016,superbowl,2
3017,trảng,2
3018,tarte,2
3019,children,4
3020,tosta,2
3021,trễ,180
3022,hỗ,4
3023,pasteur,2
3024,nệm,2
3025,lưa,8
3026,lasi,2
3027,ngân,14
3028,kahlua,2
3029,bean,14
3030,xiu,14
3031,suô,2
3032,pages,2
3033,lọt,26
3034,hahaha,2
3035,tphcm,2
3036,nuớc,4
3037,thương,436
3038,xăm,10
3039,bốc,60
3040,ct,20
3041,americano,2
3042,capichino,2
3043,dã,20
3044,windy,2
3045,rãi,14
3046,dế,2
3047,chiều,932
3048,ngừoi,2
3049,vai,44
3050,monson,2
3051,yên,188
3052,thu,218
3053,ngôi,132
3054,nhueng,2
3055,trua,2
3056,rày,2
3057,fish,10
3058,tien,14
3059,chê,1686
3060,xây,88
3061,quatro,2
3062,thgian,2
3063,suối,106
3064,almost,4
3065,khè,2
3066,shave,2
3067,comfortable,4
3068,kiniem,2
3069,pesi,2
3070,rưới,10
3071,goes,2
3072,kíp,4
3073,pảk,2
3074,bân,4
3075,huô,2
3076,gỏi,420
3077,khiả,2
3078,kỷ,16
3079,chồi,2
3080,forget,2
3081,thần,24
3082,thùng,44
3083,bọn,536
3084,bp,2
3085,mă,72
3086,phở,20
3087,chebuoi,2
3088,huân,2
3089,tuấn,8
3090,chảy,260
3091,rộng,1560
3092,nốt,64
3093,nướng,4260
3094,gudnite,2
3095,hl,6
3096,takeawy,2
3097,recently,2
3098,lasagna,4
3099,vẹt,16
3100,lảng,2
3101,háquán,2
3102,chuyen,8
3103,rom,42
3104,keng,2
3105,cốm,2
3106,giáo,8
3107,hãng,26
3108,lady,14
3109,carot,2
3110,tươ,26
3111,hồn,32
3112,giơf,2
3113,sauna,2
3114,vượng,2
3115,cẩm,12
3116,mami,2
3117,câ,18
3118,gieo,2
3119,youth,2
3120,km,146
3121,cận,8
3122,mufin,8
3123,ngừi,2
3124,yoguit,2
3125,sẻ,8
3126,nhập,160
3127,riềng,6
3128,ngắt,10
3129,kemngon,2
3130,cd,4
3131,trích,4
3132,thù,16
3133,chỉ,5880
3134,japanese,34
3135,plaza,6
3136,zành,2
3137,linh,44
3138,teacher,2
3139,quyên,8
3140,gợi,26
3141,phấn,24
3142,cholesterol,2
3143,buy,2
3144,yagout,4
3145,kutoe,2
3146,vừa,6428
3147,lunch,20
3148,bơi,282
3149,trâu,42
3150,ngốc,2
3151,cider,2
3152,spring,2
3153,nt,4
3154,gặp,494
3155,sauce,30
3156,life,10
3157,mắtbánh,2
3158,panacota,10
3159,ngot,6
3160,day,86
3161,khâ,14
3162,fifa,2
3163,pleasure,2
3164,khóimón,2
3165,style,98
3166,chiên,2112
3167,slightly,2
3168,mờ,38
3169,seing,4
3170,diên,2
3171,rạo,4
3172,centre,4
3173,nghiê,4
3174,realy,10
3175,uhouse,2
3176,xác,36
3177,kimbab,6
3178,thang,36
3179,thể,208
3180,chảnh,10
3181,banhtrangtoi,2
3182,vũ,8
3183,brilant,2
3184,house,56
3185,chồn,2
3186,relax,4
3187,cau,34
3188,ngại,296
3189,nghề,34
3190,buồn,202
3191,rượu,360
3192,quỷ,2
3193,luôncòn,2
3194,gđinh,2
3195,double,28
3196,sáp,14
3197,mối,18
3198,vác,22
3199,town,12
3200,bùn,66
3201,miê,60
3202,cajun,2
3203,somerset,2
3204,solutionhapy,2
3205,hanh,10
3206,nhak,2
3207,lối,186
3208,mì,2208
3209,macadamia,2
3210,ngoan,8
3211,nam,448
3212,original,6
3213,ròn,8
3214,industry,2
3215,rol,16
3216,giã,26
3217,comtam,2
3218,facial,2
3219,html,2
3220,iceblended,2
3221,bigc,2
3222,tuột,2
3223,coming,2
3224,cũ,374
3225,tat,2
3226,sprite,2
3227,near,8
3228,diện,18
3229,cokiescapuchinotrà,2
3230,silver,2
3231,tách,184
3232,eat,4
3233,vơi,4
3234,taxi,2
3235,vote,6
3236,hey,2
3237,acousticlivemusic,2
3238,chuyê,6
3239,cuối,1066
3240,bé,912
3241,these,4
3242,rưỡi,38
3243,kì,104
3244,rủ,6
3245,hit,6
3246,warm,10
3247,cổmình,2
3248,lag,4
3249,ngàn,136
3250,coloring,2
3251,beautifulplace,2
3252,avocado,4
3253,cf,26
3254,buồm,2
3255,hoaqua,2
3256,fody,50
3257,clb,20
3258,pho,132
3259,húc,6
3260,ngừ,2
3261,bridge,2
3262,oá,2
3263,vững,16
3264,botle,4
3265,thyme,2
3266,truyê,8
3267,milk,28
3268,fingerbánh,2
3269,on,122
3270,sườn,672
3271,thằn,2
3272,cụng,2
3273,miện,6
3274,dặt,2
3275,aple,12
3276,lặp,12
3277,chum,4
3278,wraped,2
3279,cưỡi,2
3280,trí,474
3281,oreo,18
3282,lươn,152
3283,dạng,274
3284,vời,102
3285,trọng,28
3286,xuống,724
3287,xanh,2082
3288,típ,4
3289,sánh,52
3290,delicious,10
3291,bud,6
3292,specialied,2
3293,muc,2
3294,xì,102
3295,hour,8
3296,xuôi,8
3297,nhãn,100
3298,right,22
3299,cocktails,4
3300,neu,2
3301,bộc,2
3302,vinhphanrang,2
3303,này,11374
3304,tô,1598
3305,nọ,64
3306,mary,4
3307,lãng,76
3308,black,20
3309,uber,2
3310,godies,2
3311,topic,2
3312,sáo,48
3313,lóa,4
3314,vt,44
3315,iem,4
3316,cửa,422
3317,everything,10
3318,honey,8
3319,cổn,2
3320,lợn,78
3321,qúa,2
3322,nhiêù,2
3323,hao,14
3324,sub,6
3325,biếg,2
3326,túm,18
3327,báo,78
3328,fetucine,2
3329,phởn,2
3330,us,62
3331,capucino,14
3332,gé,4
3333,uno,2
3334,tym,2
3335,lứa,50
3336,nicemình,2
3337,hẻm,610
3338,organ,2
3339,cleanreturn,2
3340,nhoi,8
3341,culi,2
3342,viện,50
3343,udon,42
3344,unesco,2
3345,lạt,514
3346,mục,16
3347,where,16
3348,cháp,4
3349,minions,2
3350,krout,2
3351,lạnh,1014
3352,cũg,38
3353,hào,142
3354,bò,3958
3355,hội,162
3356,tel,2
3357,would,32
3358,ah,286
3359,cacao,22
3360,xô,120
3361,trừ,808
3362,kiểm,4
3363,nâ,6
3364,sướng,12
3365,vươ,6
3366,cụm,36
3367,brasil,2
3368,sáu,14
3369,tempura,20
3370,tạc,24
3371,cành,100
3372,sệt,20
3373,nhôm,4
3374,sập,18
3375,bức,190
3376,tiếc,500
3377,regular,4
3378,hotpot,4
3379,jely,36
3380,phỉ,10
3381,le,80
3382,ulike,2
3383,stafprice,2
3384,biếm,2
3385,leo,238
3386,ale,6
3387,chien,4
3388,ngan,36
3389,should,8
3390,là,31360
3391,bourbon,2
3392,mis,4
3393,fire,10
3394,thùi,2
3395,cokie,56
3396,once,2
3397,cgi,6
3398,chời,6
3399,over,14
3400,xog,8
3401,mạc,10
3402,khi,5288
3403,nghiện,388
3404,bonus,8
3405,tạng,6
3406,payment,2
3407,thổ,8
3408,zone,28
3409,face,18
3410,khử,10
3411,snack,6
3412,bão,12
3413,caphe,4
3414,hiclàm,2
3415,quan,218
3416,cạo,2
3417,yoghust,2
3418,xem,1564
3419,cưỡng,4
3420,government,2
3421,hom,2
3422,thuê,158
3423,kimpab,2
3424,pvc,2
3425,hàquán,2
3426,baguete,2
3427,hihihi,6
3428,thổi,122
3429,deni,2
3430,yolo,2
3431,ngửi,2
3432,heart,8
3433,nhục,18
3434,ngộ,108
3435,unếu,2
3436,tương,500
3437,cjo,2
3438,phật,80
3439,hours,6
3440,cong,14
3441,nhớ,1156
3442,bồ,30
3443,chơn,2
3444,tartufata,2
3445,ve,200
3446,pasta,44
3447,miền,238
3448,medium,6
3449,xỉu,8
3450,cắt,420
3451,bản,98
3452,dâng,2
3453,supreme,2
3454,dining,20
3455,siro,2
3456,mềm,2852
3457,lạp,16
3458,cinema,34
3459,ngao,86
3460,glas,4
3461,minimum,2
3462,tơ,224
3463,cã,2
3464,pizaches,2
3465,concert,2
3466,comchay,2
3467,buliding,2
3468,five,2
3469,learn,2
3470,phog,2
3471,phi,198
3472,gốcmình,2
3473,geting,4
3474,tokachi,2
3475,maruyaki,2
3476,sashi,4
3477,genuine,2
3478,pwafles,2
3479,méo,2
3480,khiên,2
3481,madagasca,2
3482,giấc,14
3483,new,40
3484,cao,1710
3485,cafe,148
3486,even,8
3487,niên,4
3488,jack,10
3489,trứ,4
3490,khuyê,4
3491,sai,84
3492,mak,2
3493,sưởng,2
3494,back,62
3495,mil,2
3496,picked,2
3497,nhon,6
3498,wana,2
3499,thực,50
3500,excelent,2
3501,complain,2
3502,tĩnh,16
3503,thoái,18
3504,dám,224
3505,quá,8186
3506,thuở,4
3507,khôg,6
3508,tẩm,274
3509,người,7054
3510,for,226
3511,air,18
3512,gian,720
3513,câu,240
3514,cởi,4
3515,li,304
3516,loves,2
3517,bưởi,50
3518,quyết,30
3519,atmosphere,10
3520,starbuck,6
3521,phômai,8
3522,chiếm,26
3523,xdmình,2
3524,series,2
3525,lẫu,8
3526,ta,618
3527,nhiên,28
3528,under,4
3529,chát,12
3530,bưu,16
3531,giồng,2
3532,eph,2
3533,gầy,4
3534,việc,524
3535,bernaud,2
3536,thuô,2
3537,củng,86
3538,chow,2
3539,bâ,8
3540,rư,6
3541,chu,538
3542,xi,108
3543,ngành,12
3544,tâ,50
3545,thuộc,200
3546,mỉm,2
3547,bẫy,2
3548,tail,6
3549,rắn,40
3550,malow,8
3551,watcha,2
3552,can,58
3553,nhạt,540
3554,mẫn,12
3555,phomai,60
3556,giang,46
3557,name,8
3558,high,36
3559,mâ,44
3560,thối,14
3561,tomato,2
3562,sc,2
3563,ame,2
3564,sodanc,2
3565,yougurt,2
3566,vềnước,2
3567,tạt,6
3568,brodard,2
3569,roạt,2
3570,kampong,2
3571,nhẹp,2
3572,trịnh,22
3573,lậu,2
3574,pax,4
3575,note,56
3576,per,2
3577,hapy,14
3578,hỳ,2
3579,dẹt,12
3580,chuốc,2
3581,khong,66
3582,pr,62
3583,véo,2
3584,các,10652
3585,xưởng,12
3586,sê,2
3587,ngũ,6
3588,xpres,2
3589,nướngđặt,2
3590,nhắm,46
3591,thầy,28
3592,biết,2950
3593,chiê,14
3594,bơm,4
3595,wificó,2
3596,bảo,590
3597,thính,14
3598,phỏng,14
3599,it,344
3600,located,14
3601,sun,6
3602,usa,2
3603,hứa,44
3604,thớt,12
3605,loãng,102
3606,mẹ,278
3607,mà,13294
3608,colorcake,2
3609,pearl,2
3610,gfruit,2
3611,brothers,2
3612,trúng,126
3613,xách,48
3614,anvat,4
3615,worth,4
3616,ngày,2594
3617,sup,2
3618,mare,2
3619,thà,2
3620,spagheti,4
3621,motorbikes,2
3622,lấy,862
3623,toa,80
3624,tuốt,2
3625,di,174
3626,trừu,4
3627,decorations,2
3628,petit,4
3629,ngonốc,2
3630,quay,3690
3631,lừa,12
3632,word,2
3633,dựa,34
3634,duyệt,112
3635,many,12
3636,bêka,2
3637,half,10
3638,trữ,8
3639,teriyaki,6
3640,ngáy,2
3641,rể,8
3642,seoul,6
3643,tượg,2
3644,papaya,4
3645,nê,120
3646,chẵn,4
3647,nos,2
3648,ngạc,2
3649,bòđồ,2
3650,singum,2
3651,vế,2
3652,bao,628
3653,waiter,2
3654,nhin,4
3655,lm,36
3656,lũ,60
3657,vietnamese,24
3658,nguyenvantroi,2
3659,remnant,2
3660,foam,4
3661,ninh,44
3662,lsau,2
3663,years,8
3664,system,2
3665,known,2
3666,cuoituoi,2
3667,nguoi,56
3668,af,2
3669,lắm,9222
3670,phàn,10
3671,nhg,18
3672,mark,4
3673,mod,4
3674,sa,448
3675,sangria,2
3676,nhẹ,520
3677,couple,4
3678,bên,4102
3679,chút,1046
3680,cungz,2
3681,cạ,2
3682,ambiance,6
3683,music,30
3684,xequán,2
3685,ngoa,28
3686,meats,2
3687,chép,8
3688,xview,2
3689,lương,72
3690,mỏi,6
3691,guaranted,2
3692,mảng,66
3693,xăng,10
3694,nhật,1130
3695,ion,2
3696,thỳ,6
3697,kimbad,2
3698,people,14
3699,stay,2
3700,sảnh,96
3701,xấp,2
3702,chiếc,300
3703,trôm,2
3704,bankem,2
3705,sắp,226
3706,miêng,2
3707,game,94
3708,winguru,2
3709,fantastic,6
3710,tàng,4
3711,con,1906
3712,very,210
3713,flake,2
3714,bhd,4
3715,group,16
3716,nco,2
3717,phụng,2
3718,bon,16
3719,trẻ,480
3720,rice,32
3721,loks,4
3722,ctri,2
3723,bóng,72
3724,peperoni,8
3725,ms,74
3726,nho,422
3727,lot,6
3728,ghẹ,10
3729,nãy,4
3730,besides,2
3731,sốtvịt,2
3732,choco,28
3733,vị,6778
3734,sp,2
3735,chớ,116
3736,giò,132
3737,kem,5638
3738,sóng,44
3739,tỉnh,86
3740,nhĩ,18
3741,himalaya,2
3742,something,4
3743,thjk,2
3744,phâ,36
3745,stabucks,2
3746,giùm,4
3747,vegetables,2
3748,nhâm,10
3749,nàymọi,2
3750,beside,2
3751,giải,56
3752,kiê,16
3753,chuẩn,480
3754,bàn,3086
3755,lợp,4
3756,xin,510
3757,trường,446
3758,base,16
3759,fre,112
3760,thuc,22
3761,chating,2
3762,phù,28
3763,brobingsu,2
3764,xay,596
3765,bicycleup,2
3766,tiêm,2
3767,ani,2
3768,hột,80
3769,xưa,294
3770,khay,12
3771,renovated,2
3772,hs,14
3773,cthi,2
3774,thoảng,8
3775,khiến,280
3776,sofa,2
3777,ngãi,6
3778,trốn,34
3779,international,2
3780,kiễu,2
3781,strange,2
3782,quỳnh,4
3783,tụi,64
3784,fountain,2
3785,cặn,2
3786,bober,2
3787,bedrom,2
3788,nùa,2
3789,lái,8
3790,quadn,2
3791,tầng,2478
3792,lù,2
3793,nai,38
3794,dành,506
3795,next,14
3796,run,10
3797,ròi,6
3798,aka,2
3799,hehemình,2
3800,xòm,2
3801,kênh,12
3802,miêu,4
3803,suất,444
3804,dunkin,2
3805,gu,178
3806,xông,140
3807,xử,36
3808,lộ,10
3809,chục,186
3810,thịt,4662
3811,empire,2
3812,miếu,8
3813,hoy,2
3814,sùng,4
3815,museum,2
3816,center,24
3817,patbingsu,2
3818,sheraton,4
3819,dồn,14
3820,ahjusi,2
3821,ngã,320
3822,khéo,30
3823,màng,16
3824,nba,2
3825,restuarant,2
3826,chj,2
3827,ngõ,262
3828,chúng,36
3829,miệng,558
3830,sau,3192
3831,cút,6
3832,kyoto,2
3833,kìcam,2
3834,bạt,18
3835,chật,2
3836,galaxy,6
3837,last,12
3838,depending,2
3839,uong,2
3840,khỏe,48
3841,không,15890
3842,fels,2
3843,vòi,6
3844,chuộc,2
3845,doc,14
3846,kun,2
3847,kiệu,8
3848,giúp,292
3849,here,86
3850,brownies,2
3851,pulman,2
3852,are,136
3853,mesage,4
3854,skybar,2
3855,diping,2
3856,ktqd,2
3857,kimchi,26
3858,thờ,12
3859,says,2
3860,cordon,2
3861,uôi,16
3862,võ,38
3863,xởi,2
3864,perfectly,2
3865,mình,40078
3866,european,4
3867,coked,2
3868,già,42
3869,toilet,6
3870,crep,2
3871,tui,24
3872,tơi,4
3873,bio,12
3874,quánh,2
3875,amount,2
3876,giật,14
3877,chăn,34
3878,mô,374
3879,pickle,2
3880,chao,94
3881,pháo,2
3882,nhjeu,2
3883,mem,4
3884,ian,2
3885,hâ,14
3886,mộc,46
3887,cmt,6
3888,available,8
3889,kháo,2
3890,nhấn,66
3891,hải,40
3892,rạng,4
3893,western,14
3894,speak,2
3895,hếtgiá,2
3896,res,4
3897,nhẹc,2
3898,months,2
3899,buộc,14
3900,chamsocda,2
3901,combination,2
3902,result,2
3903,tiềm,36
3904,nhẫn,24
3905,nạm,4
3906,mài,10
3907,nhah,2
3908,huệ,6
3909,tp,170
3910,tết,526
3911,cuoi,2
3912,tira,2
3913,dui,4
3914,dai,1050
3915,nhánh,24
3916,tarot,8
3917,includes,2
3918,khoái,268
3919,micay,2
3920,khách,5106
3921,lỗ,18
3922,mông,22
3923,hong,42
3924,sydney,2
3925,bận,62
3926,khang,2
3927,havana,2
3928,nhiều,12814
3929,internet,20
3930,ngcocktail,2
3931,ao,12
3932,made,34
3933,tòa,78
3934,lành,14
3935,bo,284
3936,bể,92
3937,friends,4
3938,rustica,2
3939,chã,2
3940,slowly,2
3941,tấn,16
3942,noí,2
3943,trọg,2
3944,bần,8
3945,royal,46
3946,vko,2
3947,chuă,2
3948,senbei,2
3949,ngêu,2
3950,mở,1548
3951,customer,2
3952,sat,2
3953,trát,10
3954,liễu,2
3955,banhtrangtron,4
3956,pi,6
3957,aloe,2
3958,lột,28
3959,vạn,12
3960,she,14
3961,uổng,2
3962,tấu,6
3963,thữ,4
3964,matches,2
3965,grande,4
3966,pkem,2
3967,facebok,20
3968,hả,2
3969,luôntrà,2
3970,batayaki,4
3971,luông,16
3972,xoáy,22
3973,hanuri,6
3974,loại,4402
3975,tịch,4
3976,lung,8
3977,wine,4
3978,ji,22
3979,sôi,40
3980,tịên,4
3981,building,2
3982,chỏm,2
3983,teok,2
3984,liềngrentea,2
3985,xảy,38
3986,sẩy,4
3987,chanh,1056
3988,ray,2
3989,hjz,2
3990,mtra,2
3991,chửn,2
3992,ate,2
3993,rotary,2
3994,some,40
3995,highlands,4
3996,sets,2
3997,dứt,4
3998,overal,8
3999,banhflan,2
4000,xụt,2
4001,thiền,50
4002,ut,2
4003,lượng,198
4004,rét,2
4005,plong,2
4006,only,40
4007,trog,10
4008,bênh,4
4009,hence,2
4010,zè,2
4011,price,26
4012,xôn,2
4013,ya,38
4014,bờ,196
4015,nhung,72
4016,khơi,10
4017,osaka,4
4018,banhtrangnuong,2
4019,iềm,2
4020,hicsẽ,2
4021,ruộm,2
4022,tori,2
4023,thik,32
4024,trick,2
4025,chuỗi,66
4026,video,8
4027,khó,1140
4028,trị,20
4029,presentant,2
4030,fans,2
4031,rào,8
4032,váy,38
4033,gấp,86
4034,thai,42
4035,ras,2
4036,phượt,2
4037,loteria,14
4038,card,196
4039,calm,2
4040,lượg,2
4041,cals,2
4042,slad,2
4043,puding,30
4044,dog,4
4045,cùa,2
4046,bangkok,4
4047,ik,4
4048,mùa,280
4049,dẫn,600
4050,halzenut,2
4051,upstair,2
4052,vdecor,2
4053,hiện,72
4054,doublemint,2
4055,hehequán,2
4056,cúc,44
4057,kín,98
4058,dải,12
4059,totaly,2
4060,vs,1816
4061,thôm,2
4062,umón,2
4063,riêng,1382
4064,sẵn,442
4065,lime,2
4066,macaron,14
4067,lọc,180
4068,cucumber,2
4069,xà,8
4070,quất,10
4071,cung,150
4072,ngia,2
4073,bia,576
4074,tảng,38
4075,review,702
4076,japan,26
4077,find,22
4078,linguo,2
4079,package,2
4080,zú,2
4081,download,2
4082,zen,2
4083,bugogi,2
4084,navy,2
4085,nách,2
4086,prices,8
4087,sn,10
4088,dần,78
4089,nhắn,18
4090,ván,6
4091,hole,2
4092,láng,16
4093,heaps,2
4094,sực,22
4095,rex,2
4096,cáithịt,2
4097,thuỷ,12
4098,pđp,2
4099,busines,2
4100,zời,6
4101,vụ,214
4102,côi,2
4103,pont,2
4104,gặm,40
4105,electronic,2
4106,lộn,28
4107,take,156
4108,tri,300
4109,yếu,92
4110,lưới,84
4111,cương,2
4112,thích,11784
4113,kẻ,12
4114,phồng,2
4115,bít,304
4116,chíp,6
4117,mịn,344
4118,cản,6
4119,lf,2
4120,cắm,136
4121,tờ,66
4122,quốc,236
4123,minh,1761
4124,atokboki,2
4125,excelently,2
4126,sàn,78
4127,quầy,628
4128,usd,8
4129,môi,50
4130,particularly,2
4131,comhoặc,2
4132,went,2
4133,hoạt,8
4134,db,2
4135,welcome,4
4136,sanwich,2
4137,chocola,2
4138,giasuvietmy,2
4139,mang,1744
4140,bla,38
4141,vớp,2
4142,trạch,2
4143,the,1112
4144,xé,86
4145,tiến,44
4146,longing,2
4147,thắt,6
4148,dip,2
4149,rip,4
4150,vấn,4
4151,dầm,70
4152,vă,4
4153,khế,42
4154,loài,38
4155,cứu,18
4156,cabonara,2
4157,thám,20
4158,banhgao,2
4159,vilecofe,2
4160,march,2
4161,kombo,2
4162,nàng,26
4163,na,684
4164,ngang,590
4165,vầy,4
4166,kaka,6
4167,vienois,2
4168,trực,28
4169,zubo,2
4170,nang,10
4171,nua,10
4172,teling,2
4173,poki,10
4174,tiếp,654
4175,tewe,2
4176,giành,54
4177,tiều,6
4178,gamai,2
4179,thiện,24
4180,delicata,2
4181,dựng,52
4182,dacsanquangngai,2
4183,gớm,2
4184,cóng,2
4185,cún,10
4186,cỏ,60
4187,has,32
4188,rơm,10
4189,khóa,36
4190,nghiệm,18
4191,lởi,2
4192,com,84
4193,gives,2
4194,nicely,4
4195,mèo,554
4196,return,14
4197,dậy,80
4198,bác,442
4199,dịp,1408
4200,dư,124
4201,gô,6
4202,hê,52
4203,khach,2
4204,chớm,2
4205,dẫu,2
4206,sành,2
4207,tried,4
4208,chery,6
4209,hán,4
4210,vokonomiyaki,2
4211,bực,2
4212,yumyq,2
4213,kmình,2
4214,uốn,10
4215,chân,634
4216,traditional,2
4217,ngược,38
4218,khui,2
4219,peach,8
4220,neo,2
4221,mây,84
4222,lùng,2
4223,chang,6
4224,chổ,20
4225,huhuhu,2
4226,va,1638
4227,tuyê,36
4228,gunkan,2
4229,tìm,2412
4230,chinese,10
4231,bựa,2
4232,locations,2
4233,mỹ,270
4234,thị,42
4235,coz,2
4236,although,6
4237,kitchen,2
4238,complimentary,2
4239,tăng,210
4240,hêcó,2
4241,sbux,4
4242,troi,2
4243,lửa,112
4244,sumo,4
4245,tres,2
4246,tank,10
4247,christmas,2
4248,position,2
4249,camera,6
4250,cigar,2
4251,beans,4
4252,isn,2
4253,hen,14
4254,dking,2
4255,thoág,4
4256,chifon,2
4257,freze,8
4258,get,40
4259,myquang,2
4260,thép,2
4261,huyền,4
4262,xuy,2
4263,walks,4
4264,sốt,3268
4265,wi,2
4266,triệu,114
4267,chuyến,88
4268,wings,2
4269,dung,24
4270,lạch,2
4271,yaout,4
4272,md,6
4273,xuất,72
4274,ranh,2
4275,nghê,2
4276,tẹc,2
4277,nhóm,1402
4278,hùngtrà,2
4279,dòng,164
4280,muốn,2482
4281,nhuqng,2
4282,bàng,10
4283,things,4
4284,vũng,4
4285,viên,1068
4286,tíêp,2
4287,trộng,2
4288,thạch,924
4289,mỏng,328
4290,comgadinhky,4
4291,horible,2
4292,tiramisu,42
4293,bals,2
4294,tré,2
4295,tốtmón,4
4296,muỗng,16
4297,giơ,30
4298,phim,718
4299,nên,18060
4300,phèo,2
4301,hat,26
4302,dalat,2
4303,miển,2
4304,mập,6
4305,trời,842
4306,thừa,42
4307,trạng,2
4308,gái,106
4309,gyms,2
4310,bambo,2
4311,nhịêt,4
4312,topoki,12
4313,ham,126
4314,tiên,140
4315,tiếu,4
4316,mộng,12
4317,xíu,40
4318,rẽ,190
4319,ngợm,2
4320,barbecue,2
4321,táng,4
4322,rốp,2
4323,tau,14
4324,bjt,2
4325,lân,14
4326,total,4
4327,hốt,16
4328,nghèo,32
4329,hawaian,2
4330,argentina,6
4331,paris,30
4332,lụa,20
4333,chai,438
4334,an,306
4335,kb,6
4336,teramisu,4
4337,nặc,6
4338,lựa,18
4339,lòi,8
4340,tảo,4
4341,trướng,2
4342,kích,8
4343,trần,122
4344,sb,6
4345,thung,4
4346,giáp,8
4347,bảng,162
4348,match,6
4349,giận,10
4350,mozarela,2
4351,star,10
4352,râu,20
4353,hại,22
4354,thitxienuongnghiadung,2
4355,tuong,14
4356,tán,38
4357,nhơ,2
4358,peper,6
4359,thiếc,2
4360,file,4
4361,fedback,2
4362,cưar,2
4363,snow,2
4364,rớt,2
4365,based,2
4366,song,26
4367,could,20
4368,inox,2
4369,golf,8
4370,lỏng,58
4371,xứ,18
4372,nitơ,4
4373,bmt,2
4374,giặc,4
4375,observatory,2
4376,nhảy,74
4377,gàu,2
4378,cotas,4
4379,sấy,40
4380,nược,2
4381,há,206
4382,rơi,54
4383,lôi,30
4384,thô,48
4385,cưng,80
4386,thuật,4
4387,khoai,462
4388,pa,22
4389,hihe,2
4390,ngoài,2600
4391,mayo,8
4392,mothoian,2
4393,viahe,2
4394,ngèo,4
4395,lúa,40
4396,sản,34
4397,euro,2
4398,sọc,4
4399,huhu,4
4400,easily,2
4401,caramel,12
4402,tóa,2
4403,lượt,62
4404,ngọt,4904
4405,tíh,2
4406,sinh,136
4407,wind,4
4408,canh,570
4409,khinh,4
4410,trào,8
4411,standard,14
4412,chip,86
4413,sốc,28
4414,nhưq,2
4415,giàu,20
4416,either,2
4417,lich,12
4418,kiu,12
4419,nijuy,2
4420,hạy,2
4421,bịch,10
4422,en,594
4423,tab,4
4424,rosted,2
4425,burira,2
4426,hoi,30
4427,thoa,46
4428,côn,4
4429,dong,16
4430,máng,6
4431,clyb,2
4432,thấm,478
4433,single,6
4434,giới,124
4435,trộm,8
4436,dakasi,2
4437,thôn,4
4438,tiểu,6
4439,cùi,2
4440,lão,4
4441,nhỡ,2
4442,nhơn,8
4443,chèo,36
4444,dthích,2
4445,shuki,2
4446,cup,34
4447,moi,48
4448,buô,10
4449,nguô,4
4450,hộc,4
4451,cũng,22996
4452,quiet,4
4453,ckhông,2
4454,uk,22
4455,sachd,2
4456,tưoi,4
4457,chuong,2
4458,banana,4
4459,khổng,2
4460,directions,2
4461,búp,2
4462,thuyết,4
4463,tam,34
4464,in,576
4465,sot,6
4466,pacota,2
4467,thìa,6
4468,xdj,2
4469,mân,2
4470,nhọc,2
4471,prince,2
4472,nhịp,8
4473,student,2
4474,phát,218
4475,giăng,12
4476,trying,2
4477,chữ,166
4478,chẽm,4
4479,dãy,104
4480,nhâ,72
4481,yeu,2
4482,photo,6
4483,ngđi,2
4484,marinated,2
4485,un,26
4486,thủ,40
4487,beach,8
4488,quãng,12
4489,hết,4706
4490,thoả,4
4491,ml,34
4492,seri,2
4493,milan,6
4494,tý,96
4495,rua,2
4496,sài,2
4497,capuchino,14
4498,pô,4
4499,chứ,2468
4500,nhêm,2
4501,cọng,12
4502,nguyen,4
4503,goi,4
4504,cống,10
4505,tịnh,6
4506,fun,2
4507,thoaibánh,2
4508,nình,2
4509,cà,160
4510,bgirl,2
4511,hongtradao,2
4512,thắng,34
4513,ngựa,10
4514,hoãn,2
4515,ngắn,38
4516,parma,2
4517,vo,62
4518,market,2
4519,giác,24
4520,tạo,766
4521,toát,2
4522,súa,2
4523,sử,4
4524,thím,2
4525,buôn,58
4526,lẻm,2
4527,miếg,2
4528,ns,66
4529,alaska,18
4530,nhiu,8
4531,calzone,2
4532,vtv,2
4533,brainstorm,2
4534,vệ,4
4535,mcdonalds,2
4536,hàn,746
4537,hướg,2
4538,big,78
4539,doi,2
4540,cầm,120
4541,azuki,2
4542,make,24
4543,bị,3984
4544,did,4
4545,kgo,2
4546,rằng,178
4547,dẩn,2
4548,squid,2
4549,chieu,2
4550,sandwit,2
4551,lùm,6
4552,holds,2
4553,koean,2
4554,bến,48
4555,kien,2
4556,biancomỳ,2
4557,phục,66
4558,misto,2
4559,shin,4
4560,training,2
4561,nàyvề,2
4562,tvtship,2
4563,cú,14
4564,vãn,2
4565,dấu,32
4566,kế,284
4567,flow,4
4568,ae,2
4569,nhoe,2
4570,rêu,2
4571,ngươ,22
4572,mas,10
4573,hi,242
4574,history,2
4575,mum,4
4576,ngực,2
4577,vụn,46
4578,lướt,12
4579,hịn,4
4580,xtreme,2
4581,ban,150
4582,brulée,4
4583,tính,1236
4584,ngầm,6
4585,isues,2
4586,tất,50
4587,scops,2
4588,gộp,8
4589,lết,4
4590,mix,30
4591,retro,6
4592,lắmyagurt,2
4593,phẳng,4
4594,try,20
4595,care,2
4596,khồn,2
4597,mỏ,18
4598,cu,1334
4599,xien,2
4600,gươm,12
4601,gioi,6
4602,bô,10
4603,scl,8
4604,giâ,2
4605,theme,2
4606,vá,2
4607,phone,4
4608,hú,2
4609,number,24
4610,pene,2
4611,hoàng,34
4612,zẽ,2
4613,online,62
4614,halyu,2
4615,nguội,176
4616,huế,390
4617,nhat,24
4618,tạ,4
4619,iê,22
4620,topfod,2
4621,vách,24
4622,test,40
4623,love,138
4624,chăng,12
4625,hơi,9192
4626,misoya,2
4627,stores,2
4628,khát,2
4629,garosugil,2
4630,minhg,2
4631,hứng,2
4632,macha,6
4633,cg,12
4634,nỗ,4
4635,luô,4
4636,pbefsteak,2
4637,mk,72
4638,phút,226
4639,tời,2
4640,tâm,86
4641,nu,32
4642,power,2
4643,tuàn,2
4644,suitable,2
4645,paparoti,6
4646,courtyard,2
4647,bim,16
4648,pas,16
4649,tẹo,22
4650,ab,2
4651,mexican,2
4652,exploitation,2
4653,coking,2
4654,antiquated,2
4655,ka,16
4656,châmquán,2
4657,ngụm,2
4658,lunchmình,2
4659,cn,102
4660,ráo,4
4661,kichikichi,2
4662,ngâm,90
4663,teokboki,2
4664,hự,4
4665,tới,3964
4666,sì,2
4667,bèo,8
4668,mét,14
4669,quahanoi,2
4670,caomình,2
4671,dark,8
4672,nháp,2
4673,at,58
4674,rè,2
4675,lắmnước,2
4676,gờ,2
4677,ft,2
4678,bộ,446
4679,ben,36
4680,muộigiá,2
4681,plus,12
4682,maya,2
4683,ia,2
4684,lb,2
4685,suâ,4
4686,nhỉ,228
4687,gf,6
4688,xo,24
4689,huyệt,6
4690,thucanhanh,2
4691,nhữg,2
4692,mart,14
4693,hapybq,2
4694,kep,4
4695,sodathư,2
4696,quen,744
4697,given,2
4698,mónmua,2
4699,phun,72
4700,cgv,6
4701,liền,658
4702,chí,18
4703,mẻ,30
4704,luck,2
4705,giữ,1178
4706,hưu,2
4707,mồi,36
4708,lẩu,190
4709,chương,28
4710,kity,6
4711,stocked,2
4712,however,6
4713,luồng,2
4714,zôo,2
4715,oai,2
4716,chơi,1220
4717,rán,308
4718,chôc,2
4719,cỗ,6
4720,gầm,6
4721,caychat,2
4722,iser,2
4723,rèn,4
4724,forest,4
4725,phả,4
4726,banhtrangbo,2
4727,nấp,2
4728,tụ,20
4729,ramen,38
4730,mu,148
4731,bền,4
4732,party,34
4733,cục,234
4734,thru,6
4735,thit,8
4736,vnd,4
4737,quẫy,2
4738,riền,2
4739,beter,4
4740,thoáng,2492
4741,tin,192
4742,so,2364
4743,slice,2
4744,ký,30
4745,hôy,2
4746,soundmax,2
4747,lợi,72
4748,mứt,104
4749,pricy,2
4750,thơm,5364
4751,kè,44
4752,goisua,2
4753,rỗng,16
4754,xích,18
4755,parfait,4
4756,dê,688
4757,cối,12
4758,hoặc,1188
4759,chyên,2
4760,nành,2
4761,newfed,2
4762,rấy,2
4763,xếp,172
4764,tran,8
4765,rẻquán,2
4766,diê,6
4767,shock,2
4768,khai,28
4769,mv,12
4770,vay,10
4771,tổ,24
4772,tạp,8
4773,chocomalow,2
4774,trả,206
4775,cổng,176
4776,icorner,2
4777,crème,2
4778,vitamin,24
4779,benefit,2
4780,tablenow,2
4781,hén,2
4782,doctor,2
4783,trong,7256
4784,meat,4
4785,thasy,2
4786,pq,10
4787,hn,12
4788,chẹt,2
4789,sách,558
4790,hẹn,306
4791,frape,14
4792,rẻcác,2
4793,colagen,4
4794,nghía,4
4795,nglâ,2
4796,môn,42
4797,bufle,4
4798,tốm,2
4799,cola,12
4800,layer,2
4801,atm,2
4802,manga,10
4803,bám,14
4804,wifi,68
4805,flan,22
4806,răng,112
4807,donut,14
4808,uồng,2
4809,toner,2
4810,trô,6
4811,phản,4
4812,ba,1820
4813,khấu,6
4814,ngưỡng,4
4815,sở,22
4816,page,30
4817,duoc,4
4818,seting,6
4819,rốn,6
4820,khảm,4
4821,roast,4
4822,death,2
4823,few,2
4824,hộ,98
4825,khoảnh,8
4826,owners,4
4827,tơia,2
4828,răn,2
4829,oi,20
4830,tích,124
4831,kchân,2
4832,lounge,14
4833,pl,70
4834,dishes,12
4835,cúg,2
4836,mater,2
4837,hoian,2
4838,mer,2
4839,bước,994
4840,chín,242
4841,từ,4734
4842,welfie,2
4843,trachanhrum,2
4844,lak,2
4845,tủy,8
4846,pè,4
4847,hình,1748
4848,gánh,26
4849,dan,20
4850,tranh,222
4851,interesting,2
4852,hãy,304
4853,lab,2
4854,hếtmình,2
4855,lọai,6
4856,nhũ,14
4857,nhanhgà,2
4858,mng,6
4859,nishin,2
4860,ngữ,8
4861,hay,5524
4862,to,2444
4863,cọp,6
4864,loe,2
4865,nơi,2378
4866,bufets,2
4867,dp,2
4868,factory,2
4869,vov,2
4870,miệg,2
4871,go,316
4872,dỡ,22
4873,hận,8
4874,vắng,580
4875,nó,1880
4876,ngonmấy,2
4877,coment,2
4878,choka,2
4879,girls,4
4880,tràn,44
4881,tiệc,366
4882,fondant,6
4883,gọi,5590
4884,lâ,86
4885,mof,4
4886,canhbun,2
4887,tob,2
4888,garan,2
4889,cừu,112
4890,bù,394
4891,ktàu,2
4892,nhớp,2
4893,vous,2
4894,cokies,16
4895,cộm,2
4896,sạch,556
4897,ngườigọi,2
4898,lava,16
4899,mẫu,62
4900,lời,326
4901,filing,2
4902,karaoke,6
4903,hòn,28
4904,dôf,2
4905,sz,2
4906,hx,2
4907,dài,328
4908,xoài,554
4909,xê,6
4910,crawfish,2
4911,giám,6
4912,shows,2
4913,were,56
4914,gấu,272
4915,or,102
4916,qá,22
4917,hơu,2
4918,la,2628
4919,nóc,22
4920,mẽ,4
4921,origin,2
4922,vọng,16
4923,god,62
4924,kém,306
4925,namchien,2
4926,tàn,12
4927,nhão,38
4928,thý,2
4929,late,78
4930,sac,6
4931,nhay,2
4932,atentive,2
4933,exactly,2
4934,rùi,26
4935,thf,2
4936,dt,8
4937,bự,66
4938,topings,2
4939,works,2
4940,wc,6
4941,chày,2
4942,cụ,34
4943,phúc,84
4944,trouverez,2
4945,nắp,32
4946,chipotle,2
4947,chị,2142
4948,japchae,2
4949,lyndy,2
4950,sưaz,2
4951,tu,170
4952,vuiđúng,2
4953,tè,4
4954,lạy,2
4955,kiềm,14
4956,trở,66
4957,rush,2
4958,khuâ,2
4959,chứng,2
4960,feling,4
4961,serving,2
4962,starter,2
4963,lớp,792
4964,stick,4
4965,bagna,2
4966,rạp,566
4967,sắc,56
4968,ktea,2
4969,tapas,2
4970,zio,6
4971,khúc,218
4972,tông,192
4973,chay,290
4974,bong,6
4975,cô,1600
4976,dana,2
4977,bd,14
4978,diễn,56
4979,schol,2
4980,suy,12
4981,nữaquán,2
4982,but,140
4983,mủn,2
4984,tranbinhtrong,2
4985,masage,14
4986,dắt,12
4987,biễn,2
4988,popcorn,4
4989,dep,8
4990,hệ,6
4991,tướng,4
4992,nhuận,2
4993,bư,28
4994,cuckyngon,2
4995,carbohydrate,2
4996,chừ,2
4997,quến,2
4998,lớm,2
4999,hẹp,132
5000,bountiful,2
5001,again,4
5002,bồn,76
5003,xuốg,2
5004,miếng,1550
5005,trờivà,2
5006,rạn,2
5007,old,4
5008,trứơc,2
5009,drank,2
5010,gìo,4
5011,latin,4
5012,nbarbos,2
5013,loá,4
5014,wil,20
5015,bien,4
5016,toast,16
5017,hp,2
5018,kiếp,6
5019,van,14
5020,shio,2
5021,cats,2
5022,phiến,4
5023,nghị,48
5024,chesecake,24
5025,trèo,2
5026,mặc,170
5027,rải,28
5028,bổ,230
5029,trận,12
5030,dasis,2
5031,vua,54
5032,level,2
5033,swet,10
5034,chĩ,2
5035,nhờ,392
5036,always,6
5037,nhất,4064
5038,ném,12
5039,wild,2
5040,vag,2
5041,khoản,126
5042,uổn,2
5043,epreso,2
5044,hehehe,4
5045,kit,2
5046,xu,66
5047,sach,34
5048,cư,314
5049,pakistan,2
5050,nen,6
5051,tân,50
5052,thpt,22
5053,hai,1074
5054,xá,24
5055,both,14
5056,yet,2
5057,nóng,1722
5058,mướt,2
5059,hien,2
5060,griled,4
5061,dbánh,2
5062,techcombank,2
5063,mạ,6
5064,thơ,82
5065,phùng,8
5066,tớ,244
5067,phũ,2
5068,tai,84
5069,mãi,478
5070,selfie,6
5071,hổng,2
5072,mún,8
5073,găn,2
5074,hoàn,8
5075,tiệp,6
5076,vòng,262
5077,rome,2
5078,nhahangbia,2
5079,long,160
5080,lang,20
5081,qán,48
5082,bibimbap,2
5083,mustard,2
5084,bỉd,2
5085,ht,2
5086,chiêm,6
5087,giấm,64
5088,cũgn,2
5089,quanh,178
5090,st,10
5091,ac,48
5092,sớ,2
5093,sed,2
5094,choices,2
5095,pan,12
5096,nự,6
5097,chowder,2
5098,siêng,4
5099,moji,2
5100,my,190
5101,brazil,2
5102,quên,854
5103,tiê,58
5104,phucvukieumy,2
5105,nàolike,2
5106,tỵ,2
5107,first,20
5108,liệu,12
5109,chili,4
5110,nện,2
5111,vè,2
5112,proper,2
5113,nguoc,2
5114,rô,80
5115,chữa,10
5116,cũhg,2
5117,kĩ,116
5118,sao,1286
5119,litle,16
5120,lờn,2
5121,vi,710
5122,grey,4
5123,gren,18
5124,hok,8
5125,grom,2
5126,banh,230
5127,fb,10
5128,information,2
5129,gmail,2
5130,nhìn,4744
5131,truyện,74
5132,kiểng,4
5133,loin,2
5134,ding,2
5135,dươ,8
5136,bẹp,2
5137,hảo,6
5138,nôi,8
5139,public,4
5140,xoi,2
5141,tám,140
5142,uống,11110
5143,vải,114
5144,lận,8
5145,bê,166
5146,somtam,2
5147,tệ,92
5148,homemade,8
5149,ngái,2
5150,hóng,4
5151,they,82
5152,hichic,2
5153,egs,2
5154,baral,2
5155,gaphomai,2
5156,hẳn,678
5157,quantity,2
5158,monhue,2
5159,cơ,346
5160,haru,2
5161,chác,2
5162,milano,2
5163,bay,170
5164,phường,22
5165,banhngon,2
5166,mạnh,228
5167,xnhưng,2
5168,toek,2
5169,tug,4
5170,ngầy,2
5171,thịnh,12
5172,hazelnut,4
5173,moctail,6
5174,tại,1836
5175,vu,434
5176,nhabanhgatophap,2
5177,lunàh,2
5178,trước,2534
5179,khoanh,2
5180,iệp,14
5181,tỉ,40
5182,extra,2
5183,khớ,2
5184,tròn,184
5185,durian,2
5186,holic,2
5187,se,540
5188,làn,24
5189,chột,2
5190,chải,2
5191,já,2
5192,pastries,2
5193,location,30
5194,setcombo,2
5195,trương,16
5196,dúi,2
5197,form,8
5198,siu,30
5199,highly,10
5200,options,6
5201,xong,2024
5202,thiêu,4
5203,tich,6
5204,mah,6
5205,mắc,870
5206,mixture,2
5207,ken,26
5208,kemtuyet,2
5209,lửng,2
5210,dky,2
5211,nm,4
5212,sometimes,4
5213,dời,44
5214,peace,2
5215,copmart,2
5216,quật,2
5217,mất,770
5218,kh,72
5219,lưỡi,80
5220,xoá,8
5221,khổ,42
5222,staf,22
5223,mìn,30
5224,tongue,2
5225,hiếc,2
5226,thảo,50
5227,tự,1080
5228,rộp,2
5229,tcơm,4
5230,cafes,2
5231,cây,800
5232,thác,56
5233,robin,2
5234,viêm,36
5235,mìnhpiza,2
5236,play,8
5237,lindt,2
5238,té,6
5239,chăm,56
5240,living,2
5241,two,2
5242,help,6
5243,swe,2
5244,gío,4
5245,jut,2
5246,kịp,238
5247,kiến,156
5248,sẽ,8518
5249,bông,588
5250,căng,516
5251,ghét,114
5252,nông,12
5253,xốt,6
5254,lagsana,2
5255,godphuc,2
5256,rim,2
5257,thân,320
5258,chánh,26
5259,xuân,48
5260,dzời,2
5261,kèo,2
5262,bit,50
5263,mép,6
5264,võng,10
5265,cubgx,2
5266,bạn,10436
5267,cm,46
5268,bì,84
5269,social,2
5270,trắc,2
5271,lẫn,380
5272,châm,218
5273,chì,4
5274,uthấy,2
5275,chặn,4
5276,tro,78
5277,hg,2
5278,chaudngon,2
5279,conversation,4
5280,lol,2
5281,chết,148
5282,heo,792
5283,comhen,1
5284,nở,62
5285,hôi,76
5286,raw,2
5287,poping,8
5288,dac,4
5289,tradao,6
5290,miya,6
5291,hot,332
5292,tài,20
5293,sumer,2
5294,tuân,8
5295,cay,1682
5296,trân,12
5297,hiến,4
5298,atmos,4
5299,junior,8
5300,jam,6
5301,xoixoai,2
5302,thoải,4
5303,pana,36
5304,ruoc,2
5305,takoyaki,4
5306,dồi,4
5307,huề,2
5308,gìon,2
5309,biangon,2
5310,pro,12
5311,impresed,2
5312,link,1469
5313,coco,2
5314,bụng,828
5315,hướng,158
5316,cesar,4
5317,bọc,74
5318,bầu,32
5319,dây,288
5320,luôngiá,2
5321,flavours,4
5322,muối,740
5323,alexander,2
5324,dòn,20
5325,wek,4
5326,tạm,538
5327,chắt,4
5328,len,32
5329,băng,34
5330,brule,36
5331,seat,2
5332,inside,4
5333,chèn,2
5334,early,8
5335,luôn,11248
5336,amounts,2
5337,vân,24
5338,sieu,4
5339,pcho,2
5340,sing,4
5341,fục,2
5342,trơi,2
5343,fu,2
5344,fnhư,2
5345,donkatsu,2
5346,khủng,4
5347,hùng,16
5348,than,174
5349,mướp,2
5350,carbonara,6
5351,gồm,454
5352,garlic,2
5353,trú,36
5354,sock,2
5355,homemadeicecream,2
5356,trafic,2
5357,quang,48
5358,else,4
5359,creme,4
5360,phết,10
5361,niwxa,2
5362,vơ,222
5363,tủ,190
5364,cốc,632
5365,cua,924
5366,gì,3616
5367,tong,4
5368,diệt,4
5369,hữu,12
5370,ngâ,12
5371,lấn,12
5372,doremon,8
5373,hỏng,24
5374,pre,2
5375,nứơc,2
5376,hóa,18
5377,swensen,2
5378,mồm,8
5379,circumstances,2
5380,mug,2
5381,lúc,3472
5382,panchan,6
5383,audiophile,2
5384,milo,6
5385,raâ,2
5386,hên,10
5387,tse,2
5388,vẹn,4
5389,gelato,4
5390,gối,70
5391,ro,22
5392,deli,2
5393,sunwhel,2
5394,uầy,2
5395,sm,4
5396,cuzng,2
5397,hiếu,6
5398,discount,4
5399,carte,2
5400,bluecuracao,2
5401,hổ,4
5402,dến,6
5403,dằm,4
5404,sức,168
5405,hành,382
5406,chicacu,2
5407,díp,4
5408,rap,6
5409,tc,16
5410,ch,1792
5411,hỉ,6
5412,sữa,3788
5413,lắmột,2
5414,xềnh,2
5415,ck,8
5416,toxiên,2
5417,choa,4
5418,giả,68
5419,qa,10
5420,ib,2
5421,thiéu,2
5422,ts,82
5423,miến,202
5424,main,34
5425,xung,22
5426,gòi,2
5427,when,24
5428,kéo,250
5429,thiêng,2
5430,thiên,70
5431,ber,16
5432,ra,6604
5433,gơ,8
5434,củi,32
5435,chơ,4
5436,cửu,4
5437,ghìta,2
5438,tượng,96
5439,demolished,2
5440,tóm,10
5441,zealand,6
5442,uruguay,2
5443,juices,6
5444,viền,48
5445,dnếu,2
5446,hiểu,330
5447,dis,2
5448,self,2
5449,spa,24
5450,trên,4588
5451,ngọtkhông,2
5452,churos,2
5453,cucuta,2
5454,trufle,2
5455,profesional,2
5456,aircokie,2
5457,viet,14
5458,tower,10
5459,oko,2
5460,cúng,22
5461,gfhanoi,2
5462,everywhere,2
5463,environment,4
5464,sih,2
5465,code,6
5466,kỳ,88
5467,bufethoaqua,2
5468,opa,4
5469,huge,2
5470,nhượng,10
5471,same,24
5472,rê,2
5473,queo,2
5474,promotions,2
5475,toản,2
5476,gàng,4
5477,bởi,394
5478,np,10
5479,beautiful,8
5480,fc,2
5481,kf,2
5482,zâ,2
5483,count,2
5484,vẽ,224
5485,toping,20
5486,finaly,2
5487,ngă,6
5488,trộn,1108
5489,nr,2
5490,socôla,2
5491,madagascar,2
5492,nôn,2
5493,cute,16
5494,dễ,2396
5495,shake,10
5496,tháng,428
5497,quyện,6
5498,thoát,12
5499,slush,2
5500,lẹ,10
5501,bắp,530
5502,chimchi,2
5503,ven,50
5504,log,8
5505,gio,90
5506,thuần,18
5507,giữa,602
5508,nguy,2
5509,out,30
5510,change,6
5511,hạn,30
5512,stret,2
5513,cọc,10
5514,kính,148
5515,gía,8
5516,short,2
5517,xài,10
5518,nhiê,140
5519,thúc,12
5520,ngô,332
5521,kiện,4
5522,lệch,8
5523,pháp,296
5524,giọt,22
5525,cảng,26
5526,cheap,6
5527,dưới,890
5528,trendy,2
5529,swetsoupvietnamese,2
5530,pza,2
5531,nhuộm,10
5532,chocolate,88
5533,bét,2
5534,tip,2
5535,thuong,42
5536,tỏ,54
5537,sides,2
5538,tặng,1242
5539,cò,20
5540,ghế,652
5541,quẹo,4
5542,dơi,2
5543,ran,2
5544,chưởng,8
5545,nc,32
5546,lắmsẽ,2
5547,chiengmai,2
5548,ngo,70
5549,kiêng,6
5550,dzứt,2
5551,okie,4
5552,deserved,2
5553,range,4
5554,background,20
5555,vịnh,14
5556,kí,16
5557,martini,2
5558,nice,36
5559,chở,94
5560,hotgirl,2
5561,nguyên,530
5562,tuc,6
5563,cp,4
5564,ră,2
5565,khá,12094
5566,tháy,2
5567,moái,2
5568,modern,8
5569,gốc,118
5570,lèo,4
5571,thẩm,2
5572,chanb,2
5573,nghỉ,226
5574,tvt,4
5575,singapore,106
5576,doraemon,24
5577,trống,58
5578,hò,4
5579,violin,2
5580,bren,2
5581,during,4
5582,tpc,2
5583,chug,2
5584,vạch,2
5585,dynamite,4
5586,nhắc,252
5587,falin,2
5588,dang,24
5589,góc,628
5590,does,8
5591,hiền,128
5592,tỳ,2
5593,dàn,96
5594,festive,2
5595,mh,6
5596,quậy,6
5597,trinh,30
5598,sàng,2
5599,cx,14
5600,quân,40
5601,ngồi,5592
5602,phe,24
5603,rước,14
5604,mõng,2
5605,tha,210
5606,mouse,10
5607,kháchquán,4
5608,mũ,16
5609,nghin,2
5610,hái,14
5611,hardcore,2
5612,suporting,2
5613,lát,276
5614,làm,4900
5615,quà,126
5616,fê,2
5617,hog,4
5618,web,42
5619,color,12
5620,tră,6
5621,hương,272
5622,mơ,440
5623,sò,202
5624,tăm,4
5625,nv,730
5626,pico,2
5627,nỗi,58
5628,home,22
5629,every,12
5630,lăn,162
5631,zo,2
5632,vét,8
5633,gold,14
5634,bianco,2
5635,seatings,2
5636,cưới,108
5637,nhạn,6
5638,gr,82
5639,thử,5860
5640,lẽ,20
5641,bậc,26
5642,ceasar,2
5643,bè,48
5644,might,2
5645,nhằm,28
5646,diệu,48
5647,nge,6
5648,nhức,34
5649,cách,1674
5650,fruits,4
5651,niệm,4
5652,lưng,82
5653,tb,2
5654,carborana,2
5655,xinh,36
5656,khuyên,150
5657,ngó,6
5658,sắn,30
5659,chạm,18
5660,toẹt,6
5661,thư,606
5662,nct,2
5663,overproced,2
5664,hờ,2
5665,toastie,2
5666,vien,2
5667,crapacio,2
5668,trại,34
5669,enjoyed,6
5670,mào,8
5671,vỡ,38
5672,xứg,2
5673,phổng,2
5674,tánh,4
5675,lên,3680
5676,châu,112
5677,gỗ,376
5678,tửu,2
5679,hoanh,4
5680,cạnh,222
5681,ihihihinước,2
5682,trì,2
5683,soán,2
5684,chokoreto,2
5685,bc,12
5686,lâubánh,2
5687,trắng,448
5688,chep,2
5689,bột,736
5690,secret,12
5691,dãi,4
5692,bìa,10
5693,quả,244
5694,chốt,46
5695,pictures,2
5696,tuyển,32
5697,biet,14
5698,iều,30
5699,taik,2
5700,piza,188
5701,khj,2
5702,bươ,4
5703,transformer,2
5704,vilas,2
5705,know,16
5706,mjnh,2
5707,gom,24
5708,vương,28
5709,wel,4
5710,xuc,2
5711,húp,8
5712,customs,2
5713,vùng,32
5714,californian,2
5715,shabu,18
5716,ngọc,24
5717,nấm,718
5718,kiwi,26
5719,bokstore,2
5720,monuongdanang,2
5721,ngu,16
5722,huyện,6
5723,xẹp,2
5724,tre,110
5725,sứa,52
5726,ui,12
5727,dũng,4
5728,nìthứ,2
5729,choẹt,2
5730,nữ,230
5731,king,66
5732,mền,4
5733,giô,12
5734,hiệp,4
5735,nhuyễn,66
5736,nhug,2
5737,honestly,2
5738,sen,144
5739,chen,42
5740,hêlần,2
5741,much,4
5742,thap,4
5743,any,32
5744,tru,34
5745,phụ,146
5746,oc,12
5747,khét,2
5748,net,6
5749,tằm,16
5750,bacon,2
5751,kchọn,2
5752,tộ,4
5753,ciu,2
5754,da,692
5755,sơ,156
5756,suốt,150
5757,uog,2
5758,tập,146
5759,water,4
5760,lan,324
5761,nhân,960
5762,break,2
5763,voi,62
5764,căn,208
5765,khối,22
5766,dùng,1182
5767,nan,4
5768,thix,2
5769,woai,2
5770,việt,644
5771,flury,2
5772,nầy,14
5773,càe,2
5774,chấy,4
5775,lém,8
5776,hum,10
5777,nàyview,2
5778,pol,2
5779,nghịch,14
5780,yaki,4
5781,ramenez,2
5782,giu,6
5783,done,8
5784,xạ,2
5785,vĩ,28
5786,hiếm,66
5787,nộp,4
5788,ngán,38
5789,sọ,2
5790,hộp,580
5791,troẹ,2
5792,breath,2
5793,nghe,1936
5794,chập,2
5795,emart,2
5796,tub,2
5797,rùa,16
5798,demonstration,2
5799,cin,2
5800,vc,2
5801,nhường,14
5802,vườn,334
5803,xí,6
5804,gió,426
5805,cancok,2
5806,bundo,2
5807,phước,8
5808,presented,4
5809,ice,188
5810,jt,2
5811,zậy,6
5812,hôm,2130
5813,het,2
5814,công,170
5815,gọn,116
5816,tỷ,8
5817,land,8
5818,mải,6
5819,satay,2
5820,nướn,2
5821,phí,256
5822,khoáng,10
5823,dthấy,2
5824,yaua,4
5825,nút,14
5826,itself,2
5827,tuyệt,1878
5828,bệt,8
5829,chắn,52
5830,sóc,14
5831,hic,40
5832,lõi,6
5833,chổm,2
5834,youtube,6
5835,giãn,2
5836,akcakes,2
5837,masasge,2
5838,mò,4
5839,biatuoitiep,2
5840,lò,274
5841,he,224
5842,hayqua,2
5843,brother,2
5844,hawai,8
5845,nhóc,6
5846,vinh,12
5847,pùn,2
5848,truong,6
5849,tần,48
5850,nhanh,2042
5851,nuôi,56
5852,logo,40
5853,bỏ,976
5854,bus,32
5855,thợ,20
5856,chuột,16
5857,bạch,286
5858,sông,206
5859,chưa,3306
5860,dzú,2
5861,chấn,2
5862,favor,2
5863,sum,24
5864,tfondue,2
5865,ect,2
5866,hẫn,2
5867,gangnam,6
5868,trải,80
5869,sefile,2
5870,sư,368
5871,vớt,30
5872,xiêm,6
5873,tươi,2864
5874,vchị,2
5875,po,2
5876,pasion,12
5877,mồng,6
5878,dọc,104
5879,station,28
5880,tẩy,10
5881,bq,390
5882,thay,360
5883,nhă,4
5884,patechou,2
5885,nama,2
5886,bịnh,2
5887,nhie,2
5888,tùy,156
5889,tóc,84
5890,huong,4
5891,phiên,20
5892,trợ,4
5893,may,228
5894,mượt,6
5895,recomendations,2
5896,yes,10
5897,ghe,214
5898,su,210
5899,hắn,16
5900,thận,2
5901,núi,106
5902,cafemột,2
5903,koa,2
5904,mốc,10
5905,cũk,2
5906,show,34
5907,smal,10
5908,xuxoa,2
5909,rất,31814
5910,chơiđẹp,2
5911,universal,8
5912,múc,10
5913,wear,2
5914,mot,6
5915,tuỳ,172
5916,like,286
5917,spaghety,2
5918,uất,4
5919,nhien,2
5920,uni,38
5921,rồibánh,2
5922,vẫn,4258
5923,hope,2
5924,chớt,2
5925,grand,8
5926,kong,22
5927,ngải,6
5928,policy,4
5929,buổi,1332
5930,thíc,14
5931,quách,8
5932,opera,18
5933,cúp,22
5934,hắc,6
5935,franch,2
5936,by,38
5937,popin,2
5938,finding,2
5939,madrid,2
5940,bảy,26
5941,chuyên,262
5942,bă,18
5943,xâu,14
5944,phực,2
5945,dvd,2
5946,nàynếu,2
5947,steam,2
5948,dày,276
5949,before,8
5950,dưỡng,40
5951,sinhvien,4
5952,bn,4
5953,nói,3568
5954,nướngsalad,2
5955,juice,10
5956,thụ,6
5957,dẻ,4
5958,lở,2
5959,hang,30
5960,dzề,2
5961,hiuhiu,4
5962,rẹt,4
5963,miso,18
5964,dơ,6
5965,huiam,2
5966,trôi,36
5967,chuyện,246
5968,smothiesquán,2
5969,after,26
5970,come,26
5971,okonomiyaki,6
5972,dkien,2
5973,toboki,4
5974,though,12
5975,coke,2
5976,lược,2
5977,satified,2
5978,douongngon,2
5979,downside,2
5980,sunway,8
5981,rông,4
5982,truyền,2
5983,coal,4
5984,mạng,184
5985,nah,2
5986,lao,18
5987,coca,154
5988,ma,1032
5989,trái,244
5990,surprise,2
5991,trông,518
5992,nugets,4
5993,dth,10
5994,bợn,2
5995,gởi,48
5996,thao,2
5997,những,4812
5998,giỏi,48
5999,treo,222
6000,buter,8
6001,sate,2
6002,chuối,218
6003,sung,30
6004,jambong,2
6005,thuốc,102
6006,th,74
6007,au,112
6008,clas,548
6009,fods,10
6010,hut,36
6011,phộng,2
6012,cty,4
6013,thât,2
6014,fode,2
6015,uông,36
6016,che,188
6017,cháu,82
6018,nỡ,4
6019,if,34
6020,nhahangnhuy,2
6021,klâ,2
6022,bik,10
6023,nặng,62
6024,hở,10
6025,time,82
6026,loc,4
6027,pn,2
6028,chau,8
6029,xướng,4
6030,brown,10
6031,thìn,6
6032,vung,12
6033,being,4
6034,bào,288
6035,chít,4
6036,trôn,2
6037,dtiếp,2
6038,thưa,44
6039,gướm,2
6040,let,6
6041,gim,2
6042,gelatin,2
6043,tay,546
